Q,label
몇 번째 왕이세요?,0
세종대왕은 몇 번째 왕인지 궁금해요,0
몇 번째 왕이세요?,0
세종대왕은 몇 번째 왕인지 궁금해요,0
세종대왕의 부모님을 알려주세요,0
부모님은 누구신가요,0
이름이 뭔가요?,0
언제 왕세자에 책봉되었나요?,0
재위기간을 알려주세요,0
재위 기간이 어떻게 되시나요?,0
세종대왕의 재위 기간은 얼마나 되었나요?,0
세종대왕의 부모님을 알려주세요,0
부모님은 누구신가요,0
이름이 뭔가요?,0
언제 왕세자에 책봉되었나요?,0
재위기간을 알려주세요,0
재위 기간이 어떻게 되시나요?,0
세종대왕의 재위 기간은 얼마나 되었나요?,0
세종대왕이 왕위에 있었던 기간은 얼마나 되었나요?,0
세종대왕의 통치 기간은 몇 년으로 알려져 있나요?,0
세종대왕이 조선의 국왕으로 활동한 기간은 얼마나 되었나요?,0
세종대왕이 국가를 이끌었던 시기는 얼마동안이었나요?,0
업적에 대해 알려주세요,0
어떤 업적이 있나요?,0
언제 태어나시고 언제 돌아가셨나요?,0
세종대왕은 언제 태어나셨나요?,0
세종이 언제 태어났는지 알려주세요,0
세종은 언제 태어났나요,0
세종대왕은 언제 태어났나요?,0
언제 태어나셨나요?,0
재위기간은 언제인가요?,0
세종대왕의 출생지를 알려주세요,0
출생지는 어디인가요?,0
세종의 출생지는 어디인가요?,0
세종대왕의 출생지가 어디인가요?,0
세종대왕의 이름은 무엇인가요?,0
세종의 이름은?,0
세종의 이름은 무엇인가요?,0
세종대왕의 이름이 궁금해,0
세종의 이름을 알려줘,0
세종대왕의 이름을 알고싶어요,0
세종대왕의 이름이 뭔가요?,0
이름이?,0
이름이 어떻게 되시나요?,0
세종의 본관은 어디인가요?,0
세종대왕의 고향이 궁금해요,0
세종대왕의 고향은 어디인가요?,0
세종의 본관은 어디인가요?,0
세종대왕의 고향이 궁금해요,0
세종대왕의 고향은 어디인가요?,0
세종대왕의 고향을 알려주세요,0
세종대왕의 고향은?,0
세종의 고향이 어딘지 알려줘,0
고향이 궁금해요,0
고향이 어디신가요?,0
세종은 몇 번째 아들인지 알려주세요,0
세종대왕은 몇 번째 아들인가요?,0
세종은 태종의 몇 번째 아들인가요?,0
세종의 어머니는 누구인가요?,0
세종의 왕비의 이름은 무엇인가요?,0
세종의 비는 누구인가요?,0
세종의 충녕대군 진봉 이후에 어떤 직위에 있었나요?,0
세종은 어떤 시점에 충녕군에 봉해지게 되었나요?,0
세종대왕은 어떤 시점에 왕세자에 책봉되었나요?,0
세종대왕이 어떤 시점에 왕세자에 책봉되었는지 알려주세요,0
세종은 어떤 시점에 왕세자에 책봉되었나요?,0
세종은 언제 양위를 받고 즉위하였나요?,0
세종대왕은 몇 대왕인가요?,0
"세종대는 어떤 시기로 평가되며, 어떤 업적을 이루었나요?",0
세종대의 주요 업적 중 어떤 것이 가장 빛나는 업적으로 꼽히나요?,0
세종대는 어떤 분야에서 발전과 혁신을 이루었나요?,0
세종대는 어떤 기관을 통해 인재를 양성하고 의례와 제도를 정비했나요?,0
세종대의 능호는 어디에 위치해 있나요?,0
세종대는 어떤 시기로 평가되고 있나요?,0
세종대왕은 언제 즉위했어?,0
세종대왕은 어느 해에 정식으로 즉위했나요?,0
세종대왕 즉위에 대해 알려주세요,0
세종대왕이 언제 왕이 됐는지 궁금해,0
세종대왕은 언제 왕이 됐어?,0
세종대왕의 즉위 날짜는?,0
세종대왕이 왕위에 오른 날짜는 언제인가요?,0
세종대왕이 조선 왕위에 올랐던 정확한 날짜는 무엇인가요?,0
"세종대왕이 왕위에 오른 날짜는 서기로 몇 년, 몇 월, 몇 일인가요?",0
세종대왕이 왕위에 오른 날짜는 서기로 언제인가요?,0
세종대왕이 왕이 된 날짜를 정확히 알려줘,0
세종이 왕이 된 날짜는 언제인가요?,0
세종대왕이 왕이 된 날짜를 알려줘,0
세종대왕이 왕이 된 날짜?,0
세종대왕이 정식으로 왕이 된 날짜?,0
세종대왕이 정식으로 왕이 된 날짜는?,0
세종대왕이 정식으로 왕이 된 날짜는 언제야?,0
세종대왕이 왕이 된 날짜를 알려주세요,0
세종대왕이 언제 왕이 됐나요?,0
세종이 태자가 된 이유가 뭐야?,0
세종이 태자로 책봉된 이유가 뭐야?,0
세종대왕이 왕이 된 날짜를 알려주세요,0
세종대왕이 언제 왕이 됐나요?,0
세종이 태자가 된 이유가 뭐야?,0
세종이 태자로 책봉된 이유가 뭐야?,0
세종이 태자로 책봉된 이유를 알려줘.,0
세종이 태자로 책봉된 이유에 대해 알려주세요,0
세종이 태자가 된 이유는?,0
왜 세자가 아닌 충녕이 즉위한거야?,0
왜 당시 세자가 아니라 다른 인물이 왕이 된거야?,0
왜 당시 세자가 아니라 다른 인물이 왕위에 올랐어?,0
왜 당시 세자가 아니라 다른 인물이 왕위에 올랐나요?,0
왜 당시 세자였던 인물이 아니라 다른 인물이 왕위에 올랐어?,0
왜 당시 세자였던 인물이 아니라 세종이 왕위에 올랐어?,0
태종이 세자 충녕을 왕으로 책봉하지 않고 충녕으로 즉위한 이유는 무엇인가요?,0
세자 충녕과 세종 중에 왜 세자 충녕이 왕위에 올랐을까요?,0
태종이 세자 충녕을 세종이 아닌 충녕으로 즉위시킨 결정은 어떤 배경을 갖고 있나요?,0
세자 충녕과 세종 중에서 태종은 왜 충녕을 선택했을까요?,0
충녕이 세자가 아닌 세종보다 왕위에 올랐을 때 국내외적으로 어떤 반응이 있었나요?,0
충녕이 왕위에 오르면서 어떤 정치적인 변화가 예상되었나요?,0
충녕이 왕위에 오르면서 세자 충녕과 세종 사이에 어떤 갈등이 발생했을까요?,0
충녕이 왕위에 오르면서 국민들은 어떤 반응을 보였나요?,0
충녕이 왕위에 오르기 전에 세자 충녕과 세종 사이에서 어떤 경쟁이 있었나요?,0
충녕이 왕위에 오르게 되면서 세종은 어떤 역할을 맡게 되었나요?,0
태종은 왜 후계자로 양녕대군을 적합하지 않다고 생각했나요?,0
태종의 후계자로 누가 더 있었는지 알려주세요,0
태종의 후계자로 누가 더 있었는지 궁금해요,0
태종의 후계자로는 누가 더 있었나요?,0
태종의 후계자로는 세자 충녕 이외에 누구가 있었나요?,0
태종이 왕위 계승을 위해 고려한 후계자 후보는 어떤 사람들이었나요?,0
세자 충녕 이외에 태종이 후계자로 고려한 사람은 누구였나요?,0
태종의 후계자 후보로 또 다른 사람이 있었나요?,0
세종과 세자 충녕말고도 다른 왕위 후보가 있었나요?,0
태종에게 다른 후계자가 있었나요?,0
태종 후계자로 또 다른 사람이 있었는지 궁금해요,0
태종의 후계자로 다른 사람이 있었나요?,0
태종의 후계자로 다른 인물이 있었나요?,0
태종이 세종을 세자로 책봉하기로 한 이유는 무엇인가요?,0
원래 태종 뒤를 이을 왕세자는 누구였나요?,0
세종이 즉위한 년도를 알려주세요.,0
세종은 언제 즉위했나요?,0
몇대 왕이세요?,0
세종은 조선의 몇대 왕인가요?,0
세종은 몇대 왕 인가요?,0
세종은 조선의 몇번째 왕인가요?,0
세종대왕이 몇 대 왕인지 궁금해요,0
즉위년도는 언제인가요?,0
충녕대군을 왕세자로 책봉하는것에 대해 여론이 어땠나요?,0
충녕대군이 왕세자가 되는 과정에서 여론이 어땠나요?,0
충녕대군이 왕세자가 되는 것에 대해서 신하들은 어떤 반응이었나요?,0
몇대 왕이세요?,0
세종은 조선의 몇대 왕인가요?,0
세종은 몇대 왕 인가요?,0
세종은 조선의 몇번째 왕인가요?,0
세종대왕이 몇 대 왕인지 궁금해요,0
즉위년도는 언제인가요?,0
즉위년도는 언제인가요?,0
충녕대군을 왕세자로 책봉하는것에 대해 여론이 어땠나요?,0
충녕대군이 왕세자가 되는 과정에서 여론이 어땠나요?,0
충녕대군이 왕세자가 되는 것에 대해서 신하들은 어떤 반응이었나요?,0
충녕이 왕세자가 되는 것에 대해 여론이 어땠나요?,0
충녕이 세자가 되는 것에 대한 여론은 어땟나요?,0
충녕이 세자가 되는것에 대해 신하들은 어떤 반응을 보였나요?,0
충녕대군을 왕세자로 책봉하는 결정에 대한 국내 여론은 어떻게 반응했나요?,0
충녕대군이 왕세자로 책봉되는 소식이 전해진 후 국민들은 어떤 반응을 보였나요?,0
충녕대군을 왕세자로 책봉하는 결정은 국내 사회적인 영향력을 미쳤나요?,0
충녕대군을 왕세자로 책봉하는 결정에 대한 국내 언론의 반응은 어땠나요?,0
충녕대군은 천성적으로 어떤 특징을 갖고 있었나요?,0
충녕대군의 학문적 업적이 궁금해요,0
충녕대군은 어떤 학문적 업적을 보였나요?,0
충녕대군을 왕세자로 책봉하는 결정은 국내 사회적인 영향력을 미쳤나요?,0
충녕대군을 왕세자로 책봉하는 결정에 대한 국내 언론의 반응은 어땠나요?,0
충녕대군은 천성적으로 어떤 특징을 갖고 있었나요?,0
충녕대군의 학문적 업적이 궁금해요,0
충녕대군은 어떤 학문적 업적을 보였나요?,0
충녕의 인성적 특징은?,0
충녕이 보여준 인성적 특징을 알려주세요.,0
세종의 인성적 특징을 알려줘,0
세종은 어떤 인성을 가지고 있었나요?,0
세종이 태자 시절에 보여준 모습을 알려줘,0
세종은 태자 시절에 어땠나요?,0
세종대왕이 태자 때 어떤 모습을 보여줬는지 알려줘,0
세종이 태자 때 어떤 모습을 보여줬어?,0
세종은 태자 때 어떤 성격을 가지고 있었어?,0
세종은 태자 때 어떤 성격이었는지 궁금해,0
태자 때 세종은 어떤 성격이었나요?,0
태자 때 세종은 어떤 성격이었는지 알려주세요,0
세종은 태자 때 어떤 성격이였나요?,0
충녕대군은 정치적인 방법을 어떻게 잘 알고 있었나요?,0
태종이 양녕대군의 세자 책봉에 대해 어떤 마음을 갖게 되었나요?,0
양녕대군의 총민하고 독실한 학문적인 모습은 어떻게 평가되었나요?,0
양녕대군의 세자로서의 역할과 책임은 무엇이었나요?,0
양녕대군과 택현의 명분은 어떤 연관성을 가지고 있었나요?,0
태종이 충녕대군을 세자로 책봉한 결정은 어떤 이유에서 극적으로 이루어졌나요?,0
신하들은 충녕대군을 세자로 책봉한 결정에 대해 어떻게 반응했나요?,0
충녕대군이 어떻게 세자가 됐는지 궁금해요,0
충녕대군이 어떻게 세자가 되었는지 알려주세요,0
태종이 양녕대군의 세자 책봉에 대해 어떤 마음을 갖게 되었나요?,0
양녕대군의 총민하고 독실한 학문적인 모습은 어떻게 평가되었나요?,0
양녕대군의 세자로서의 역할과 책임은 무엇이었나요?,0
양녕대군과 택현의 명분은 어떤 연관성을 가지고 있었나요?,0
태종이 충녕대군을 세자로 책봉한 결정은 어떤 이유에서 극적으로 이루어졌나요?,0
신하들은 충녕대군을 세자로 책봉한 결정에 대해 어떻게 반응했나요?,0
충녕대군이 어떻게 세자가 됐는지 궁금해요,0
충녕대군이 어떻게 세자가 되었는지 알려주세요,0
충녕대군이 어떻게 세자가 되었나요?,0
제도에는 어떤 변화가 있었는가?,1
세종이 즉위하면서 제도에 변화가 있었어?,1
세종이 즉위하면서 생긴 제도 변화에 대해 알려줘,1
세종때 변화한 제도에 대해 알려줘.,1
세종 즉위 이후 유교 제도 변화에 대해 알려줘,1
세종때 변화한 유교 제도에 대해 알려줘,1
세종때 바뀐 제도가 뭐야?,1
세종때 변화한 제도에 대해 알려주세요,1
세종때 바뀐 유교 제도에 대해 알려주세요,1
세종때 바뀌게 된 제도가 있나요?,1
세종때 들어서 바뀌게 된 유교 제도에 대해서 알려주세요,1
세종이 즉위 후 바뀐 유교 제도가 있나요?,1
세종이 즉위한 이후에 유교적인 제도인 오례와 사례는 어떤 변화를 겪었나요?,1
세종이 왕위에 오른 후 오례와 사례의 유교적인 의미와 기능이 어떻게 변경되었나요?,1
유교적인 제반 제도가 정리되면서 세종대왕의 통치 방식에 어떤 영향을 미쳤나요?,1
세종대왕의 즉위 후 오례와 사례의 유교적인 의례가 국가와 사서에게 어떤 역할을 부여했나요?,1
세종이 왕위에 오른 후 오례와 사례의 유교적인 의미와 기능이 어떻게 변경되었나요?,1
세종이 왕위에 오른 후 오례와 사례의 유교적인 의미와 기능이 어떻게 변경되었나요?,1
세종이 왕위에 오른 후 오례와 사례의 유교적인 의미와 기능이 어떻게 변경되었나요?,1
세종대왕의 즉위 후 오례와 사례의 유교적인 의례가 국가와 사서에게 어떤 역할을 부여했나요?,1
세종대왕의 즉위 후 오례와 사례의 유교적인 의례가 국가와 사서에게 어떤 역할을 부여했나요?,1
세종이 왕위에 오른 후 오례와 사례의 유교적인 의미와 기능이 어떻게 변경되었나요?,1
세종이 왕위에 오른 후 오례와 사례의 유교적인 의미와 기능이 어떻게 변경되었나요?,1
세종대왕의 즉위 후 오례와 사례의 유교적인 의례가 국가와 사서에게 어떤 역할을 부여했나요?,1
세종대왕의 즉위 후 오례와 사례의 유교적인 의례가 국가와 사서에게 어떤 역할을 부여했나요?,1
오례와 사례의 유교적인 제도가 정리된 후에는 어떤 새로운 제도나 의례가 도입되었나요?,1
오례와 사례의 유교적인 제도가 정리되면서 국가와 사서의 역할에 어떤 변화가 있었나요?,1
오례와 사례의 유교적인 제도가 정리된 후에는 어떤 새로운 제도나 의례가 도입되었나요?,1
오례와 사례의 유교적인 제도가 정리되면서 국가와 사서의 역할에 어떤 변화가 있었나요?,1
오례와 사례의 유교적인 제도가 정리되면서 국가와 사서의 역할에 어떤 변화가 있었나요?,1
오례와 사례의 유교적인 제도가 정리된 후에는 어떤 새로운 제도나 의례가 도입되었나요?,1
오례와 사례의 유교적인 제도가 정리되면서 국가와 사서의 역할에 어떤 변화가 있었나요?,1
세종대왕이 즉위한 이후에 오례와 사례를 중심으로 한 유교적인 제도의 변화는 국내 사회에 어떤 영향을 주었나요?,1
세종대왕이 왕위에 오른 후에 오례와 사례의 유교적인 제도가 정리되면서 국가의 도덕적 가치관이 어떻게 변화되었나요?,1
오례와 사례의 유교적인 제도가 정리된 후에는 어떤 새로운 제도나 의례가 도입되었나요?,1
오례와 사례의 유교적인 제도가 정리되면서 국가와 사서의 역할에 어떤 변화가 있었나요?,1
유교적인 제반 제도의 정리는 어떤 시대적 맥락에서 이루어진 것인가요?,1
세종대왕의 즉위 이후 오례와 사례의 유교적인 제도가 국가와 국민들에게 어떤 영향을 주었나요?,1
유교적인 제반 제도의 정리는 어떤 시대적 맥락에서 이루어진 것인가요?,1
집현전에서 한 일에 대해 알려줘.,1
집현전에서는 무슨일을 했어?,1
집현전의 주요 기능을 알려줘.,1
집현전의 주요 기능에 대해 말해줘.,1
집현전이 수행했던 일에 대해 알고 싶어.,1
집현전이 가장 중요하게 수행했던 일이 뭐야?,1
집현전에서 중점적으로 처리했던 일이 뭐야?,1
집현전에서 무슨일을 했는지 알려줘.,1
집현전에서 무슨일을 했는지 알고싶어.,1
집현전에서는 주로 어떤일을 했어?,1
집현전이 수행한 역할은?,1
집현전에서는 어떤 일을 했나요?,1
집현전에서는 어떤 역할을 수행했나요?,1
집현전은 세종대왕 시대에 어떤 활동을 했나요?,1
집현전은 어떤 종류의 문서를 보관하고 관리했나요?,1
집현전은 어떤 사무 업무를 담당했나요?,1
집현전은 어떻게 세종대왕의 문화 및 학문 정책을 지원했나요?,1
집현전은 어떤 역사적인 중요성을 가지고 있나요?,1
집현전이 가진 역사적 중요성에 대해 알려줘,1
유교적인 제반 제도의 정리는 어떤 시대적 맥락에서 이루어진 것인가요?,1
유교적인 제반 제도의 정리는 어떤 시대적 맥락에서 이루어진 것인가요?,1
집현전에서 한 일에 대해 알려줘.,1
집현전에서는 무슨일을 했어?,1
집현전의 주요 기능을 알려줘.,1
집현전의 주요 기능에 대해 말해줘.,1
집현전이 수행했던 일에 대해 알고 싶어.,1
집현전이 가장 중요하게 수행했던 일이 뭐야?,1
집현전에서 중점적으로 처리했던 일이 뭐야?,1
집현전에서 무슨일을 했는지 알려줘.,1
집현전에서 무슨일을 했는지 알고싶어.,1
집현전에서는 주로 어떤일을 했어?,1
집현전이 수행한 역할은?,1
집현전에서는 어떤 일을 했나요?,1
집현전에서는 어떤 역할을 수행했나요?,1
집현전은 세종대왕 시대에 어떤 활동을 했나요?,1
집현전은 어떤 종류의 문서를 보관하고 관리했나요?,1
집현전은 어떤 사무 업무를 담당했나요?,1
집현전은 어떻게 세종대왕의 문화 및 학문 정책을 지원했나요?,1
집현전은 어떤 역사적인 중요성을 가지고 있나요?,1
집현전이 가진 역사적 중요성에 대해 알려줘,1
집현전은 조선시대의 문화 및 역사 연구에 어떤 영향을 미쳤나요?,1
집현전은 세종대왕의 학문 발전과 문화적인 발전에 어떤 역할을 했나요?,1
집현전에는 어떤 직책이 있었나요?,1
집현전에서는 어떤 역할을 수행했나요?,1
집현전은 세종대왕 시대에 어떤 활동을 했나요?,1
집현전이 역사적으로 얼마나 중요해?,1
집현전이 역사적으로 얼마나 중요한지 알려줘.,1
집현전이 역사적으로 얼마나 중요한지 알려줘.,1
집현전의 조직과 업무 체계는 어땠나요?,1
집현전은 조선시대의 문화 및 역사 연구에 어떤 영향을 미쳤나요?,1
집현전은 세종대왕의 학문 발전과 문화적인 발전에 어떤 역할을 했나요?,1
집현전에는 어떤 직책이 있었나요?,1
집현전에서는 어떤 역할을 수행했나요?,1
집현전은 세종대왕 시대에 어떤 활동을 했나요?,1
집현전은 어떤 종류의 문서를 보관하고 관리했나요?,1
집현전은 어떤 사무 업무를 담당했나요?,1
집현전은 어떻게 세종대왕의 문화 및 학문 정책을 지원했나요?,1
집현전은 어떤 역사적인 중요성을 가지고 있나요?,1
집현전에서 보관된 문서들은 어떻게 활용되었나요?,1
집현전의 조직과 업무 체계는 어땠나요?,1
집현전은 세종대왕의 학문 발전과 문화적인 발전에 어떤 역할을 했나요?,1
집현전에서는 어떤 역할을 수행했나요?,1
집현전은 세종대왕 시대에 어떤 활동을 했나요?,1
집현전은 어떤 종류의 문서를 보관하고 관리했나요?,1
집현전은 어떤 사무 업무를 담당했나요?,1
집현전은 어떻게 세종대왕의 문화 및 학문 정책을 지원했나요?,1
집현전은 어떤 역사적인 중요성을 가지고 있나요?,1
집현전에서 보관된 문서들은 어떻게 활용되었나요?,1
집현전의 조직과 업무 체계는 어땠나요?,1
집현전은 세종대왕의 학문 발전과 문화적인 발전에 어떤 역할을 했나요?,1
집현전은 조선시대의 문화 및 역사 연구에 어떤 영향을 미쳤나요?,1
세종의 시대는 어떤 시대였나요?,1
세종의 시대는 어떤 역사적 시기에 해당하나요?,1
"세종의 시대는 어떤 정치적, 사회적 상황을 가지고 있었나요?",1
어떤 사건이나 변화가 있어 세종의 시대로 불리게 된 것인가요?,1
세종때 일어났던 전반적인 내용에 대해 알려주세요.,1
세종의 시대에 대해서 알려주세요,1
세종의 시대에서 어떤 정치적인 변화나 개혁이 이루어졌나요?,1
세종의 시대는 어떤 상황을 가지고 있었나요?,1
세종의 시대는 한국 역사에서 어떤 의미를 가지고 있는 시대였나요?,1
세종때 어떤 사회적 상황을 보였나요?,1
세종은 어떤 (유교)정치를 하였나요?,1
세종은 유교 정치 철학을 어떻게 반영하여 통치했나요?,1
세종은 유교 사상의 어떤 가치를 중요시하여 정치를 수행했나요?,1
유교적인 가치나 원리가 세종의 정치 결정에 어떤 영향을 미쳤나요?,1
세종은 유교 윤리를 기반으로 한 어떤 통치 체제를 구축했나요?,1
유교적인 군림사상이 세종의 정치 방침에 어떤 역할을 했나요?,1
세종은 유교적인 도덕성과 덕목을 어떻게 통치에 반영했나요?,1
유교의 사상과 세종의 정치 철학은 어떻게 연결되었나요?,1
세종의 정치 결정에 있어 유교적 인식이 어떤 역할을 했나요?,1
세종은 어떤 유교적 원리를 기반으로 한 통치 체제를 구축하여 국가를 이끌었나요?,1
세종때 펼쳤던 통치 제제에 대하여 알고 싶어요,1
세종때 시행됐던 통치 제제에 대하여 알고 싶어요,1
세종때 이뤄졌던 통치 체제는 어떤 식이었나요?,1
세종때 이뤄진 유교 윤리를 기반으로 한 통치 체제에 대하여 알려주세요,1
세종때 시행된 통치체제는?,1
세종 시대는 어떤 시대였는지 알려주세요,1
세종대왕의 시대는 어떤 시대였는지 궁금해요,1
세종대왕의 시대는 어떤 시대였는지 알려줘,1
세종의 시대는 어떤 시대였나요?,1
세종의 시대는 어떤 역사적 시기에 해당하나요?,1
"세종의 시대는 어떤 정치적, 사회적 상황을 가지고 있었나요?",1
어떤 사건이나 변화가 있어 세종의 시대로 불리게 된 것인가요?,1
세종때 일어났던 전반적인 내용에 대해 알려주세요.,1
세종의 시대에 대해서 알려주세요,1
세종의 시대에서 어떤 정치적인 변화나 개혁이 이루어졌나요?,1
세종의 시대는 어떤 상황을 가지고 있었나요?,1
세종의 시대는 한국 역사에서 어떤 의미를 가지고 있는 시대였나요?,1
세종때 어떤 사회적 상황을 보였나요?,1
세종은 어떤 유교 정치를 했나요?,1
세종대왕은 어떤 유교 정치를 했어?,1
세종대왕이 어떤 유교 정치를 했는지 알려줘,1
세종은 어떤 유교 정치를 하였나요?,1
세종은 유교 정치 철학을 어떻게 반영하여 통치했나요?,1
유교적인 가치나 원리가 세종의 정치 결정에 어떤 영향을 미쳤나요?,1
세종은 유교 윤리를 기반으로 한 어떤 통치 체제를 구축했나요?,1
유교적인 군림사상이 세종의 정치 방침에 어떤 역할을 했나요?,1
세종은 유교적인 도덕성과 덕목을 어떻게 통치에 반영했나요?,1
유교의 사상과 세종의 정치 철학은 어떻게 연결되었나요?,1
세종의 정치 결정에 있어 유교적 인식이 어떤 역할을 했나요?,1
세종때 펼쳤던 통치 제제에 대하여 알고 싶어요,1
세종때 시행됐던 통치 제제에 대하여 알고 싶어요,1
세종때 이뤄졌던 통치 체제는 어떤 식이었나요?,1
세종때 이뤄진 유교 윤리를 기반으로 한 통치 체제에 대하여 알려주세요,1
세종때 시행된 통치체제는?,1
세종을 보좌하던 인물들은 누가 있나요?,1
세종의 통치 시기에 세종을 보좌하던 중요한 인물은 누구였나요?,1
세종의 통치 시기에 세종을 보좌하던 주요인물은 누구였나요?,1
세종의 정치 결정에 큰 영향을 미친 세종의 신하 중 가장 중요한 인물은 누구였나요?,1
세종의 통치 시기에 세종을 보좌하던 주요인물에 대해 알려주세요.,1
세종의 통치 시기에 세종을 보좌하던 주요인물이 있었나요?,1
세종의 통치에 핵심적인 역할을 한 인물들 중 가장 유명한 인물은 누구였나요?,1
세종이 통치를 할 때 세종의 지혜와 지도력을 보완해주는 인물은 누구였나요?,1
세종의 정치적인 결정을 돕고 조언을 제공한 인물들 중 가장 영향력 있는 인물은 누구였나요?,1
세종을 보좌하며 정치적인 문제를 해결하고 의견을 제시한 인물은 누구였나요?,1
세종의 통치에 있어 가장 충실히 세종을 지원하며 일한 인물은 누구였나요?,1
세종을 보좌하며 국가의 안정과 번영을 위해 헌신한 인물은 누구였나요?,1
세종의 정치적인 업적을 성취하기 위해 세종과 함께 일한 인물은 누구였나요?,1
세종을 지원하고 세종의 정치적인 이상을 공유한 인물들 중 가장 중요한 인물은 누구였나요?,1
세종의 정치를 지원한 인물에 대해 알려주세요.,1
세종의 정치를 지원해주었던 주요인물이 있나요?,1
세종이 정치하는것에 있어서 도움을 주었던 인물에 대해 알려주세요,1
세종을 정치적으로 지원한 인물들은 어떤 태도로 임했나요?,1
세종을 정치적으로 지원한 인물들은 어떤 태도로 세종을 지원했나요?,1
집현전 설치의 주요 목적은 무엇이었나요?,1
집현전이 설치된 이유와 관련하여 어떤 필요성이 있었나요?,1
집현전이 설치된 이유는 어떤 문제를 해결하거나 개선하기 위한 것이었나요?,1
집현전 설치는 어떤 목표를 달성하기 위해 이루어졌나요?,1
집현전의 설치 이유와 관련하여 어떤 혜택이나 이점을 얻을 수 있었나요?,1
집현전 설치 이유?,1
집현전을 설치한 이유?,1
집현전을 설치한 이유가 뭔가요?,1
집현전을 설치한 이유가 무엇인가요?,1
집현전을 설치하게된 이유가 있나요?,1
유교정치의 기반이 마련된 과정?,1
유교정치의 기반이 마련된 과정은?,1
유교정치의 기반이 마련된 과정이 뭔가요?,1
유교정치의 기반이 마련된 과정을 알려주세요.,1
유교정치의 기반이 마련된 과정에 대해 알고싶어요.,1
유교정치의 기반이 마련된 과정이 있나요?,1
유교정치의 기반은 어떤 과정을 거쳐 마련되었나요?,1
집현전을 설치한 이유가 궁금해,1
집현전 설치 이유?,1
집현전을 설치한 이유?,1
집현전을 설치한 이유가 뭔가요?,1
집현전을 설치한 이유가 무엇인가요?,1
집현전을 설치하게된 이유가 있나요?,1
집현전을 설치하게된 계기가 있나요?,1
집현전이 설치된 이유는 무엇이었나요?,1
집현전이 설치된 이유가 있나요?,1
어떤 이유로 인해 집현전이 건립되었나요?,1
집현전이 설치된 이유는?,1
집현전 설치 이유가 궁금해,1
집현전이 설치된 이유가 뭐야?,1
집현전이 설치된 특별한 이유가 있나요?,1
집현전을 설치한 배경에는 어떤 이유가 있었나요?,1
집현전 설치의 주요 목적은 무엇이었나요?,1
집현전이 설치된 이유와 관련하여 어떤 필요성이 있었나요?,1
집현전이 설치된 이유는 어떤 문제를 해결하거나 개선하기 위한 것이었나요?,1
집현전 설치는 어떤 목표를 달성하기 위해 이루어졌나요?,1
집현전의 설치 이유와 관련하여 어떤 혜택이나 이점을 얻을 수 있었나요?,1
유교정치의 기반이 마련된 과정?,1
유교정치의 기반이 마련된 과정은?,1
유교정치의 기반이 마련된 과정이 뭔가요?,1
유교정치의 기반이 마련된 과정을 알려주세요.,1
유교정치의 기반이 마련된 과정에 대해 알고싶어요.,1
유교정치의 기반이 마련된 과정이 있나요?,1
유교정치의 기반은 어떤 과정을 거쳐 마련되었나요?,1
유교정치의 기반은 어떤 단계를 거쳐서 형성되었나요?,1
유교정치의 기반이 마련되기까지 어떤 발전과정을 거쳤나요?,1
유교정치의 기반 형성에는 어떤 과정이 포함되었나요?,1
유교정치의 기반 형성을 위해 어떤 절차가 이루어졌나요?,1
6조 직계제가 의정부서사제로 바뀐 이유?,1
왜 6조 직계제가 의정부서사제로 변경되었나요?,1
6조 직계제가 의정부서사제로 전환된 이유는 무엇인가요?,1
의정부서사제로의 변경은 왜 이루어졌나요?,1
6조 직계제에서 의정부서사제로의 전환은 어떤 이유로 이루어진 것인가요?,1
직계제에서 의정부서사제로의 변화가 발생한 이유는 무엇인가요?,1
왜 6조 직계제를 의정부서사제로 변경하게 되었나요?,1
"의정부서사제로의 변화는 왜 이루어졌고, 어떤 이유로 결정되었나요?",1
6조 직계제를 의정부서사제로 변경한 배경에는 어떤 이유가 있는지 설명해주세요.,1
6조 직계제가 의정부서사제로 변경된 배경은 무엇인가요?,1
의정부서사제로의 도입은 6조 직계제의 어떤 문제를 해결하기 위해 이루어졌나요?,1
6조 직계제를 의정부서사제로 바꾸게 된 이유는 어떤 요인이 있었나요?,1
6조 직계제를 의정부서사제로 변경 이유에 대해 설명해주세요.,1
6조 직계제를 의정부서사제로 변경 이유에 대해 알려주세요.,1
6조 직계제를 의정부서사제로 변경 이유가 뭔가요?,1
의정부서사제로의 도입은 6조 직계제의 어떤 문제를 해결하기 위함인가요?,1
6조 직계제를 의정부서사제로 변경 이유가 무엇인가요?,1
의정부서사제로 바뀐 이유가 무엇인가요?,1
6조 직계제가 의정부 서사제로 바뀐 이유?,1
6조 직계제가 의정부 서사제로 변경된 이유?,1
6조 직계제가 의정부 서사제로 바뀐 특별한 이유가 있어?,1
6조 직계제가 의정부 서사제로 변경된 어떤 이유가 있나요?,1
6조 직계제에서 의정부 서사제로의 변경이 이루어졌던때에 특별한 배경이 있나요?,1
유교정치의 기반이 마련된 과정이 뭔가요?,1
유교정치의 기반이 마련된 과정을 알려주세요.,1
유교정치의 기반이 마련된 과정에 대해 알고싶어요.,1
유교정치의 기반이 마련된 과정이 있나요?,1
유교정치의 기반은 어떤 과정을 거쳐 마련되었나요?,1
유교정치의 기반이 마련된 과정?,1
유교정치의 기반이 마련된 과정은?,1
유교정치의 기반이 마련된 과정이 뭔가요?,1
유교정치의 기반이 마련된 과정을 알려주세요.,1
유교정치의 기반이 마련된 과정에 대해 알고싶어요.,1
6조 직계제에서 의정부서사제로의 전환은 어떤 이유로 이루어진 것인가요?,1
직계제에서 의정부서사제로의 변화가 발생한 이유는 무엇인가요?,1
왜 6조 직계제를 의정부서사제로 변경하게 되었나요?,1
"의정부서사제로의 변화는 왜 이루어졌고, 어떤 이유로 결정되었나요?",1
6조 직계제를 의정부서사제로 변경한 배경에는 어떤 이유가 있는지 설명해주세요.,1
6조 직계제가 의정부서사제로 변경된 배경은 무엇인가요?,1
의정부서사제로의 도입은 6조 직계제의 어떤 문제를 해결하기 위해 이루어졌나요?,1
6조 직계제를 의정부서사제로 바꾸게 된 이유는 어떤 요인이 있었나요?,1
6조 직계제를 의정부서사제로 변경 이유에 대해 설명해주세요.,1
6조 직계제를 의정부서사제로 변경 이유에 대해 알려주세요.,1
6조 직계제를 의정부서사제로 변경 이유가 뭔가요?,1
6조 직계제를 의정부서사제로 변경 이유에 대해 알려주세요.,1
6조 직계제를 의정부서사제로 변경 이유가 뭔가요?,1
세종대의 불교는 어땠어?,1
불교 세력을 어떻게 축소시켰어?,1
유교와 불교 사이 대립이 있었어?,1
세종은 불교에 대해 어떤 입장을 가지고 있었어?,1
세종이 불교에 관련해서 어떤 일을 했어?,1
세종이 불교에 대해 가졌던 태도의 변화에 대해 알려줘,1
세종이 펼친 불교사업이 있나요?,1
세종이 초기에 불교에 대해 가졌던 태도는?,1
불교를 받아들이게 된 이유?,1
실록은 어디에 보관되어 있었나요?,1
세종은 불교에 대해 어떤 시책을 시행했나요?,1
세종은 왕실과 개인적으로 불교를 지지했나요?,1
세종 말년에는 불교에 대한 태도가 어떻게 변했나요?,1
세종은 불교를 완전히 없앨 수는 없다는 태도를 가졌나요?,1
세종은 불교의 세속권을 어떻게 정리했나요?,1
세종은 불교행사에 어떤 제한을 가했나요?,1
세종은 왕실과 개인적으로 어떻게 불교를 지지했나요?,1
세종 말년에 불교에 대한 태도가 왜 변화했나요?,1
세종은 어떤 사업을 통해 불교와 관련된 활동을 진행했나요?,1
세종은 어떤 사당을 세우고 시조묘를 관리했나요?,1
세종은 어떤 사고였던 춘추관과 충주를 어떻게 변경했나요?,1
세종의 행정 조치로 어떤 변화가 있었나요?,1
세종 시대의 실록이 전해질 수 있게 한 사실은 무엇인가요?,1
세종은 불교 세속권을 어떻게 정리했나요?,1
왕실과 세종 개인은 불교를 어떻게 지원했나요?,1
세종 말년에 왜 불교에 대한 태도가 변화했나요?,1
세종은 왕실과 개인적으로 어떻게 불교를 지지했나요?,1
세종 말년에 불교에 대한 태도가 왜 변화했나요?,1
세종은 어떤 사업을 통해 불교와 관련된 활동을 진행했나요?,1
세종은 어떤 사당을 세우고 시조묘를 관리했나요?,1
세종은 어떤 사고였던 춘추관과 충주를 어떻게 변경했나요?,1
세종의 행정 조치로 어떤 변화가 있었나요?,1
세종 시대의 실록이 전해질 수 있게 한 사실은 무엇인가요?,1
세종은 불교 세속권을 어떻게 정리했나요?,1
왕실과 세종 개인은 불교를 어떻게 지원했나요?,1
세종 말년에 왜 불교에 대한 태도가 변화했나요?,1
세종은 불교에 대해 어떤 시책을 시행했나요?,1
세종은 왕실과 개인적으로 불교를 지지했나요?,1
세종 말년에는 불교에 대한 태도가 어떻게 변했나요?,1
세종은 불교를 완전히 없앨 수는 없다는 태도를 가졌나요?,1
세종은 불교의 세속권을 어떻게 정리했나요?,1
세종은 불교행사에 어떤 제한을 가했나요?,1
세종이 불교에 관련해서 어떤 일을 했어?,1
세종이 불교행사를 어떻게 제한했나요?,1
세종은 어떤 불교행사를 강행했나요?,1
세종은 어떻게 유신들의 반대를 물리쳤나요?,1
세종은 왕비의 사망에도 불구하고 어떤 불교행사를 강행했나요?,1
세종은 어떻게 사사노비를 정리했나요?,1
세종은 어떻게 불교의 종파를 병합했나요?,1
세종대왕이 어떤 불교 행사를 제한했는지 궁금해,1
세종이 어떤 불교 행사를 제한했는지 알려줘,1
세종은 어떤 불교행사를 제한했나요?,1
세종은 어떻게 불교의 세속권을 정리했나요?,1
세종은 왕실과 개인적으로 불교를 어떻게 지지했나요?,1
세종 말년에 왜 불교에 대한 태도가 변했나요?,1
세종은 어떤 불교 행사를 강행했나요?,1
세종은 왜 불교의 세속권을 약화시키려 했나요?,1
세종은 왕실과 개인적으로 불교를 어떻게 지원했나요?,1
세종 말년에는 왜 불교에 대한 태도가 변했나요?,1
세종은 어떤 불교 행사를 강행했나요?,1
세종은 왜 불교의 세속권을 약화시키려 했나요?,1
세종은 왕실과 개인적으로 불교를 어떻게 지원했나요?,1
세종 말년에는 왜 불교에 대한 태도가 변했나요?,1
세종은 어떤 불교 행사를 강행했나요?,1
세종이 불교를 어떻게 정리하고 제한했나요?,1
세종은 왕실과 개인적으로 불교를 어떻게 지지했나요?,1
세종 말년에는 불교에 대한 태도가 어떻게 변했나요?,1
세종은 어떤 사항들을 불교와 관련하여 시행했나요?,1
세종 말년에 왜 불교에 대한 태도가 변했나요?,1
세종이 불교에 대한 태도를 완전히 변화시킨 이유는 무엇일까요?,1
세종이 불교를 정리하고 약화시킨 이유는 무엇일까요?,1
세종은 어떤 방식으로 불교를 제한했나요?,1
세종은 왕실과 개인적으로 불교를 어떻게 지지했을까요?,1
세종 말년에 왜 불교와 관련하여 대립과 논란이 발생했나요?,1
세종은 어떤 이유로 불교에 대한 시책을 시행했나요?,1
세종은 어떻게 사사노비를 정리하였나요?,1
세종은 어떻게 불교 종파를 병합하고 사사 및 상주승의 수를 재정리했나요?,1
세종은 왕실과 개인적으로 불교를 어떻게 지지했나요?,1
세종 말년에 불교에 대한 태도가 어떻게 변했나요?,1
세종은 어떤 사항들을 불교와 관련하여 시행했나요?,1
세종 말년에 왜 불교에 대한 태도가 변했나요?,1
세종이 불교에 대한 태도를 완전히 변화시킨 이유는 무엇일까요?,1
세종이 불교를 정리하고 약화시킨 이유는 무엇일까요?,1
세종은 어떤 방식으로 불교를 제한했나요?,1
세종은 왕실과 개인적으로 불교를 어떻게 지지했을까요?,1
세종 말년에 왜 불교와 관련하여 대립과 논란이 발생했나요?,1
세종은 어떤 이유로 불교에 대한 시책을 시행했나요?,1
세종은 어떻게 사사노비를 정리하였나요?,1
세종은 어떻게 불교 종파를 병합하고 사사 및 상주승의 수를 재정리했나요?,1
세종은 왕실과 개인적으로 불교를 어떻게 지지했나요?,1
세종 말년에 불교에 대한 태도가 어떻게 변했나요?,1
세종은 왜 불교의 세속권을 약화시키려 했나요?,1
세종은 왕실과 개인적으로 불교를 어떻게 지원했나요?,1
세종은 어떤 사건들을 불교 지지를 위해 강행하였나요?,1
세종의 불교 시책은 어떤 목적을 가지고 있었나요?,1
세종은 어떤 다른 문화 사업을 수행했나요?,1
세종대에는 불교와 유교 사이에서 어떤 갈등이 있었나요?,1
세종이 시행한 금속화폐와 언문청 등의 사업은 어떤 의미를 가지고 있었나요?,1
세종이 조선통보를 주조한 이유는 무엇인가요?,1
조선 시대에는 어떤 종교가 주류였나요?,1
세종대왕이 어떻게 불교를 대우했는지 알려줘,1
세종은 불교를 어떻게 대우했나요?,1
세종이 불교를 완전히 없앨 수는 없다고 언급한 이유는 무엇인가요?,1
세종은 어떤 불교 시책을 시행했나요?,1
왕실과 세종 개인적으로는 불교를 어떻게 대했나요?,1
세종 말년에는 불교에 대한 태도가 어떻게 변화했나요?,1
세종은 불교 외에 다른 종교에도 관심을 가졌나요?,1
세종은 어떤 문화 사업을 추진했나요?,1
세종 말년에 왜 불교와 관련하여 대립과 논란이 발생했나요?,1
세종은 어떤 이유로 불교에 대한 시책을 시행했나요?,1
세종은 어떻게 사사노비를 정리하였나요?,1
세종은 어떻게 불교 종파를 병합하고 사사 및 상주승의 수를 재정리했나요?,1
세종은 왕실과 개인적으로 불교를 어떻게 지지했나요?,1
세종 말년에 불교에 대한 태도가 어떻게 변했나요?,1
세종은 어떤 사항들을 불교와 관련하여 시행했나요?,1
세종 말년에 왜 불교에 대한 태도가 변했나요?,1
세종이 불교에 대한 태도를 완전히 변화시킨 이유는 무엇일까요?,1
세종이 불교를 정리하고 약화시킨 이유는 무엇일까요?,1
세종은 어떤 방식으로 불교를 제한했나요?,1
세종은 왕실과 개인적으로 불교를 어떻게 지지했을까요?,1
세종 말년에 왜 불교와 관련하여 대립과 논란이 발생했나요?,1
세종은 어떤 이유로 불교에 대한 시책을 시행했나요?,1
세종은 어떻게 사사노비를 정리하였나요?,1
세종은 어떻게 불교 종파를 병합하고 사사 및 상주승의 수를 재정리했나요?,1
세종은 왕실과 개인적으로 불교를 어떻게 지지했나요?,1
세종 말년에 불교에 대한 태도가 어떻게 변했나요?,1
세종은 왜 불교의 세속권을 약화시키려 했나요?,1
세종은 왕실과 개인적으로 불교를 어떻게 지원했나요?,1
세종은 어떤 사건들을 불교 지지를 위해 강행하였나요?,1
세종의 불교 시책은 어떤 목적을 가지고 있었나요?,1
세종은 어떤 다른 문화 사업을 수행했나요?,1
세종대에는 불교와 유교 사이에서 어떤 갈등이 있었나요?,1
세종이 시행한 금속화폐와 언문청 등의 사업은 어떤 의미를 가지고 있었나요?,1
세종이 조선통보를 주조한 이유는 무엇인가요?,1
조선 시대에는 어떤 종교가 주류였나요?,1
세종은 불교를 어떻게 대우했나요?,1
세종이 불교를 완전히 없앨 수는 없다고 언급한 이유는 무엇인가요?,1
세종은 어떤 불교 시책을 시행했나요?,1
왕실과 세종 개인적으로는 불교를 어떻게 대했나요?,1
세종 말년에는 불교에 대한 태도가 어떻게 변화했나요?,1
세종은 불교 외에 다른 종교에도 관심을 가졌나요?,1
세종은 어떤 문화 사업을 추진했나요?,1
세종대에서는 어떤 사건을 피해갈 수 있게 되었나요?,1
조선 시대의 유교정치와 유교사회는 어떤 시대적 배경을 갖추고 있었나요?,1
유교정치를 표방한 조선은 어떤 방식으로 억불책을 시행했나요?,1
세종은 어떻게 불교의 세속권을 정리하고 제한했나요?,1
세종은 왕실과 개인적으로 불교를 어떻게 지지했나요?,1
세종 말년에는 불교에 대한 태도가 어떻게 변했나요?,1
조선시대에는 어떤 불교 관련 사업이 진행되었나요?,1
조선은 불교를 어떻게 대우했나요?,1
세종은 불교의 세속권을 어떻게 재정리했나요?,1
세종의 불교에 대한 태도는 어떻게 변화했나요?,1
세종은 불교 외에 어떤 문화 사업을 진행했나요?,1
세종은 어떤 화폐를 발행했나요?,1
세종은 어떻게 언어 정리 사업을 추진했나요?,1
세종은 사고와 관련하여 어떤 일을 하였나요?,1
세종은 어떻게 조선의 실록을 전해지게 했나요?,1
세종은 불교 외에 어떤 문화 사업을 진행했나요?,1
세종은 어떤 화폐를 발행했나요?,1
세종은 어떻게 언어 정리 사업을 추진했나요?,1
세종은 사고와 관련하여 어떤 일을 하였나요?,1
세종은 어떻게 조선의 실록을 전해지게 했나요?,1
세종은 불교 외에 어떤 문화 사업을 진행했나요?,1
세종대왕이 어떤 화폐를 발행했는지 궁금해,1
세종은 어떤 화폐를 발행했나요?,1
세종은 어떻게 언어 정리 사업을 추진했나요?,1
세종은 사고와 관련하여 어떤 일을 하였나요?,1
세종은 어떻게 조선의 실록을 전해지게 했나요?,1
세종은 불교 외에 어떤 문화 사업을 진행했나요?,1
세종은 어떤 화폐를 발행했나요?,1
세종은 불교를 완전히 없애려고 했나요?,1
세종이 추진한 문화 사업은 어떤 영향을 미쳤나요?,1
조선시대의 유교와 불교 간의 갈등은 어떤 이유에서 비롯되었나요?,1
세종은 어떻게 언어 정리 사업을 추진했나요?,1
세종은 사고와 관련하여 어떤 일을 하였나요?,1
세종은 어떻게 조선의 실록을 전해지게 했나요?,1
농사직설은 무엇인가요? ㅇㄷㅎ,2
농사직설에 대해 알려주세요.,2
농사직설은 어떤 목적으로 만들어졌나요?,2
세종의 농업기술 편찬은 어떤 목적을 가지고 이루어졌나요?,2
세종이 왜 농업기술의 발전을 중요하게 생각했을까요?,2
농사직설은 어떤 특징을 가지고 있나요?,2
농사직설이 뭔가요?,2
농사직설에 대해 알고 싶어요.,2
농사직설에 대해 설명해주세요.,2
농사직설이란?,2
농사직설이 어떻게 편찬되었나요?,2
농사직설이 어떤 과정을 거쳐서 편찬되었나요?,2
농사직설은 어떤 과정을 통해 세상에 나오게 되었나요?,2
농사직설은 어떻게 세상에 나오게 되었나요?,2
농업기술의 발전이 왜 국가의 부강과 관련이 있었나요?,2
세종의 농업기술 서적 편찬이 국가에 어떤 영향을 미쳤나요?,2
세종의 농업기술 서적 편찬은 어떤 자료를 바탕으로 이루어졌나요?,2
세종의 농업기술 서적 편찬은 어떤 시기에 이루어졌나요?,2
세종의 농업기술 서적 편찬은 어떤 영향을 미쳤나요?,2
세종의 농업기술 서적 편찬은 어떤 방식으로 이루어졌나요?,2
세종의 농업기술 서적 편찬은 어떤 결과를 얻었나요?,2
세종의 농업기술 서적 편찬은 어떤 방식으로 전파되었나요?,2
세종의 농업기술 서적 편찬이 농업 부문 이외에도 어떤 영향을 미쳤나요?,2
세종의 농업기술 서적 편찬은 농민들의 삶에 어떤 변화를 가져왔나요?,2
세종의 농업기술 서적 편찬은 국가 경제에 어떤 영향을 미쳤나요?,2
세종의 농업기술 서적 편찬은 농업 분야에 어떤 혁신을 가져왔나요?,2
세종대에서 편찬된 다양한 편찬물 중에는 어떤 분야의 책들이 있었나요?,2
세종대에서 편찬된 편찬물은 어떤 목적으로 만들어졌나요?,2
세종이 편찬사업에 어떤 역할을 했나요?,2
세종의 편찬사업에 참여한 학자들은 어떤 역할을 했나요?,2
『자치통감훈의』의 편찬에는 얼마나 많은 학자들이 참여했나요?,2
세종대의 편찬사업에서 왕의 역할은 무엇이었나요?,2
왕이 편찬사업에 어떤 역할을 했나요?,2
세종대의 편찬사업은 어떤 효과를 가져왔나요?,2
세종대의 편찬사업은 어떤 분야에 종합 정리하는 작업이었나요?,2
세종대의 편찬사업은 어떻게 이 시대의 문화 수준을 높였나요?,2
세종대의 편찬사업은 어떤 분야에서 문화 수준을 높이는 데 도움이 되었나요?,2
세종대의 편찬사업은 어떤 정치적 효과를 가져왔나요?,2
세종대의 편찬사업은 어떤 제도의 기반을 강화하는 데 도움이 되었나요?,2
왕이 편찬사업을 위해 중지한 일은 무엇이었나요?,2
세종대의 편찬사업에서 집현전은 어떤 역할을 했나요?,2
세종대의 편찬사업이 진행된 시기는 언제부터였나요?,2
세종대의 편찬사업은 어떤 방식으로 진행되었나요?,2
세종대의 편찬사업에서 가장 큰 편찬사업은 무엇이었나요?,2
세종대의 편찬사업에서 왕이 직접 참여한 예는 어떤 것이 있었나요?,2
《향약집성》과 《의방유취》는 어떤 편찬물인가요?,2
《향약집성》과 《의방유취》의 편찬 규모는 어떻게 되나요?,2
《향약집성》과 《의방유취》는 어떤 목적으로 편찬되었나요?,2
《향약집성》과 《의방유취》의 편찬사업은 어떤 의미를 갖고 있었나요?,2
군주로서 선정을 베풀고자 하는 군주가 의약 관련 편찬사업에 관심을 갖게 된 이유는 무엇인가요?,2
《향약집성》과 《의방유취》의 편찬은 어떻게 조선의 의·약수준을 높이는 역할을 했나요?,2
《향약집성》과 《의방유취》의 편찬을 위해 어떤 노력이 필요했나요?,2
《향약집성》과 《의방유취》의 편찬은 어떻게 진행되었나요?,2
《향약집성》과 《의방유취》의 편찬은 어떤 효과를 가져왔나요?,2
《향약집성》과 《의방유취》의 편찬은 어떤 목적을 가지고 있었나요?,2
유교사회를 이루는데 크게 기여한 편찬물로는 무엇이 있나요?,2
세종의 주도하에 편찬된 책에는 무엇이 있어?,2
세종 시대에 이뤄진 사업 하나를 소개해줘,2
세종때 이루어진 편찬사업이 가지는 의미가 있어?,2
세종 때 편찬사업은 주로 누구의 주도로 이뤄진거야?,2
세종 때 이뤄진 편찬사업이 어떤 의미를 가져?,2
세종때 이루어진 편찬사업이 어떤 의미를 가지는지 알고 싶어.,2
세종때 이루어진 편찬사업이 어떤 의미를 가지는지 알려주세요.,2
세종 때 이뤄진 편찬사업이 어떤 의미를 가지나요?,2
세종때의 활발했던 편찬사업이 가지는 의미는?,2
세종때 활발한 편찬사업이 어떤 의미를 가져?,2
세종때 편찬된 책들의 종류를 말해줘,2
세종의 편찬사업의 의의를 알려줘,2
세종이 편찬사업에 얼마나 기여했나요?,2
세종때의 편찬사업이 어떤 의의를 가지나요?,2
세종때 이루어진 편찬사업이 어떤 의의를 가져?,2
세종때의 편찬사업이 가지는 의의가 뭐야?,2
세종은 편찬사업에 얼마나 참여했나요?,2
세종의 편찬사업에 얼마나 관여했나요?,2
세종의 활발한 편찬사업에 얼마나 참여했나요?,2
세종대왕이 편찬 사업에 기여했나요?,2
편찬사업 부흥 과정에서 세종의 참여도는?,2
세종이 편찬사업에 얼마나 기여했나요?,2
세종대왕의 편찬사업 기여도는?,2
세종대왕은 편찬사업에 열정적으로 임했나요?,2
세종대왕이 편찬사업에 열정을 보였나요?,2
세종대왕이 편찬사업에 공을 들였나요?,2
세종대왕이 편찬한 책이 궁금해,2
세종대왕은 어떤 책을 편찬했나요?,2
세종이 편찬한 책에는 무엇이 있나요?,2
세종대왕이 편찬한 책을 알려줘,2
세종대왕이 누구와 편찬 사업을 진행했는지 알려줘,2
세종은 편찬사업을 누구와 함께 진행했나요?,2
의약 관련 편찬물은 무엇이 있나요?,2
세종의 편찬사업에서 어떤 편찬물이 『자치통감훈의』라는 책인가요?,2
세종의 편찬사업에서 『자치통감훈의』는 어떤 편찬물인가요?,2
『자치통감훈의』를 편찬하는 데는 어떤 학자들이 참여했나요?,2
『자치통감훈의』의 편찬에는 어떤 학자들이 참여했나요?,2
『자치통감훈의』의 편찬이 얼마나 걸렸나요?,2
『자치통감훈의』의 편찬에는 얼마나 시간이 걸렸나요?,2
세종의 편찬사업 중 편찬물은 어떤 식으로 분류 되어있나요?,2
세종의 편찬사업에서 편찬물은 어떻게 분류 되어있나요?,2
세종의 편찬사업은 언제 본격적으로 시작되었나요?,2
세종의 편찬사업은 어느 시기에 본격적으로 시작되었나요?,2
세종의 편찬사업에 참여한 학자들은 어떤 학문적 준비를 했나요?,2
세종의 편찬사업이 문화적으로나 사상적으로 어떤 영향을 미쳤나요?,2
세종의 편찬사업이 정치와 제도에 어떤 기틀을 마련하였나요?,2
세종의 편찬사업은 어떤 목적을 가지고 진행되었나요?,2
세종의 편찬사업이 완료되면서 어떤 결과를 얻을 수 있었나요?,2
세종의 편찬사업이 국가 경제에 어떤 영향을 미쳤나요?,2
조선 왕조 초기에는 어떤 이유로 역사 편찬 사업이 활발해졌나요?,2
조선 왕조 초기 역사 편찬사업이 활발해진 이유가 있나요?,2
조선 왕조 초기 역사 편찬 사업이 활발했던 이유는?,2
"왕조 초기와 세종, 세조 시기의 역사 편찬 사업은 어떤 차이가 있었나요?",2
세종은 어떤 방식으로 고려사를 재정리했나요?,2
세종은 어떤 이유로 고려사를 재정리하려고 노력했나요?,2
역사 편찬 사업이 조선의 어떤 측면에 기여했나요?,2
역사 편찬사업이 조선의 기여한 방식은?,2
역사 편찬사업이 조선의 발전에 기여했나요?,2
조선 시대의 역사 편찬 사업은 어떤 방식으로 이루어졌나요?,2
조선 왕조의 역사 편찬 사업이 어떤 목적을 가지고 이루어졌는지 시대의 흐름에 따라 알려주세요.,2
조선 왕조의 역사 편찬 사업은 어떤 목적을 가지고 이루어졌나요?,2
역사 편찬 사업이 조선 사회와 문화에 미친 영향은?,2
역사 편찬 사업이 조선 사회와 문화에 어떤 영향을 미쳤나요?,2
역사 편찬 사업은 조선 사회와 문화에 어떤 영향을 미쳤나요?,2
세종의 역사 편찬과 문화 활동은 조선 사회에 어떤 영향을 미쳤나요?,2
왕조 실록의 역할은 무엇인가요?,2
왕조 실록은 어떤 목적으로 편찬되었나요?,2
왕조 실록이 후대에 어떤 영향을 주고 있나요?,2
왕조 실록이 한 역할은?,2
왕조 실록의 역할은?,2
왕조실록이 현대에 주는 영향은?,2
실록이 중요한 이유가 무엇인가요?,2
실록은 어떤 내용을 담고 있나요?,2
왕조 실록은 어떻게 활용되나요?,2
왕조 실록이 가진 가치는?,2
왕조 실록은 어떤 가치를 가지고 있나요?,2
왕조 실록의 편찬이 가지는 의미?,2
왕조 실록의 편찬은 어떤 의미를 가지고 있나요?,2
왕조 실록이 대중들에게도 도움을 주나요?,2
왕조 실록이 활용되는 방식은?,2
왕조 실록은 어떻게 활용되고 있나요?,2
왕조 실록의 편찬은 어떤 기준으로 이루어지나요?,2
왕조 실록에는 어떤 것들이 기록되나요?,2
왕조 실록에 기록되는 것들에 기준이 있나요?,2
왕조 실록의 기록들이 우리에게 어떤 도움을 주나요?,2
왕조 실록의 편찬은 어떤 절차를 거치나요?,2
왕조 실록 편찬에서 어떤 노력을 기울이게 되나요?,2
왕조 실록의 편찬은 어떤 어려움을 겪을 수 있나요?,2
왕조 실록 편찬 과정에서 겪는 어려움이 있나요?,2
왕조 실록 편찬 과정에서 겪는 어려움을 해결하기 위한 방법은?,2
왕조 실록의 편찬은 어떤 가치를 지니고 있나요?,2
왕조 실록이 가지는 가치는?,2
왕조 실록의 편찬은 어떤 분야에 영향을 미쳤나요?,2
왕조 실록이 영향을 미친 곳이 있나요?,2
왕조 실록이 영향을 미친곳은?,2
왕조 실록은 어떤 영역에 대한 연구에 도움을 주었나요?,2
왕조 실록은 조선 시대의 어떤 측면을 탐구하는 데에 활용되었나요?,2
왕조 실록이 조선 시대의 정치와 사회 구조에 어떤 영향을 미쳤나요?,2
왕조 실록의 편찬 과정은 어떤 학문적인 토론과 방법론에 영향을 주었나요?,2
왕조 실록은 후세의 학자들에게 어떤 영감을 주었나요?,2
왕조 실록이 조선 시대의 문화에 어떤 영향을 미쳤나요?,2
세종대의 편찬사업은 어떤 영향을 미쳤나요?,2
세종대의 편찬사업은 어떤 효과를 발휘했나요?,2
세종대의 편찬사업은 어떤 결과를 가져왔나요?,2
세종대의 편찬사업은 어떤 장점을 가졌나요?,2
세종대의 편찬사업은 어떤 가치를 증진시켰나요?,2
세종대의 편찬사업은 어떤 성과를 이뤄냈나요?,2
세종대왕 시대에 편찬된 서적은 어떤 것들이 있나요?,2
세종 대왕 시기에 어떤 책들이 편찬되었나요?,2
세종이 번역하여 발표한 시와 서적에는 어떤 도서들이 포함되어 있나요?,2
세종이 번역하여 출판한 시와 서적으로는 어떤 책들이 있나요?,2
세종이 번역하여 출간한 시와 서적에는 어떤 작품들이 있나요?,2
세종이 번역하고 발간한 시와 서적에는 어떤 것들이 포함되어 있나요?,2
농사직설은 조선시대에 어떠한 의의를 가져?,2
농사법에 어떤 변화가 있었는지 알려줘,2
농사법에는 어떠한 변화가 있었어?,2
농사법에서는 어떤 변화가 있었나요?,2
세종 때 농사법에는 어떠한 변화가 있었는지 알려주세요.,2
농사법에 어떤 변화가 있었는지 궁금해.,2
의약학에도 발전이 있었나?,2
의약학 분야에서의 발전을 알려줘.,2
세종때 의약학 분야에서의 발전을 알고 싶어.,2
의약학에서 어떤 발전이 있었나요?,2
세종 때 의약학의 발전은 조선시대 사람들의 건강 관리 및 예방에 어떤 변화를 가져왔나요?,2
의약학의 발전은 조선시대 사람들에게 어떤 영향을 주었나요?,2
의약학의 발전이 조선시대 사람들에게 끼친 영향은?,2
의약학의 발전으로 조선시대 사람들이 어떤 변화를 느꼈나요?,2
의약학의 발전이 조선시대 사람들에게 끼친 영향은 무엇인가요?,2
의약학의 발전이 사람들에게 미친 영향?,2
의약학의 발전이 사람들에게 끼친 영향은?,2
의약학의 발전이 사람들에게 준 영향은?,2
의약학의 발전이 사람들에게 어떤 영향을 끼쳤나요?,2
세종 대왕의 의약학적 기여와 그 영향은 어떠했나요?,2
의약학적 기여가 어떤 영향을 끼쳤나요?,2
의약학적 기여가 조선시대에 어떤 영향을 끼쳤나요?,2
세종의 의약학적 기여가 어떤 영향을 끼쳤나요?,2
세종이 의약학적으로 기여한 것이 어떤 영향을 끼쳤나요?,2
세종이 의약학적으로 기여한 것이 백성들에게 어떤 영향을 끼쳤나요?,2
세종이 의약학적으로 기여한 것이 백성들에게 얼마나 영향을 끼쳤나요?,2
세종의 의약학적 기여가 가지는 의의는?,2
세종의 의약학적 기여가 끼친 영향은 어느정도인가요?,2
의약학은 어떻게 발전하였나요?,2
세종 시대 의약학의 주요 특징과 업적은 무엇이 있었나요?,2
새로운 농업기술을 백성들의 실제 농사에 어떻게 도입할 수 있었지?,2
새 농업기술을 실제로 어떻게 도입했지?,2
새 농업기술을 실제로 어떻게 도입했나요?,2
새로운 농업기술을 실제 농사에 어떤 방식으로 도입했어?,2
새로운 농업기술을 실제 농사에 어떤 방식으로 도입했나요?,2
농사직설은 조선시대에 어떤 의미를 가지나요?,2
농사직설의 반포는 조선시대에 어떤 의의를 가지나요?,2
농사직설은 그 당시에 어떤 의미를 가졌나요?,2
농사직설의 편찬은 어떤 의의를 가지나요?,2
새로운 농업기술이 백성들의 실제 농사에 어떻게 도입되었는지에 대해 설명해주세요.,2
신규 농업 기술이 백성들의 실제 농사에 어떻게 도입되었나요?,2
새 농업기술이 백성들의 실제 농사에 도입된 방법?,2
새 농업기술이 백성들의 실제 농사에 도입된 방법이 뭔가요?,2
새 농업기술이 실제로 백성들에게 알려진 방법이 뭔가요?,2
새 농업기술이 실제로 백성들에게로 알려졌던 방법이 뭔가요?,2
새로운 농업기술이 백성들의 실제 농사에 어떻게 도입되었나요?,2
새로운 농업기술이 백성들의 실제 농사에 어떻게 도입되었는지 알려줘.,2
새로운 농업기술이 백성들의 실제 농사에 어떻게 도입되었는지 알고 싶어요.,2
새로운 농업기술을 어떻게 백성들이 습득할 수 있었나요?,2
낯선 농업기술을 어떻게 백성들이 습득할 수 있었나요?,2
새로운 농업기술의 도입으로 조선시대 농사는 어떤 효율성과 생산성을 얻게 되었나요?,2
새로운 농업기술의 도입으로 조선시대 농사는 어떤 효율성과 생산성을 얻게 되었는지 알려주세요.,2
새로운 농업기술이 그 당시에 미친 영향?,2
새로운 농업기술이 그 당시에 어떤 변화를 주었나요?,2
새로운 농업기술이 조선시대 농사에 도입되면서 농민들의 노동력은 어떻게 변화하였나요?,2
새로운 농업기술이 조선시대에 등장하면서 농민들에게는 어떻게 나타났나요?,2
새로운 농업기술이 조선시대에 나타나면서 농민들의 노동양식에도 변화가 생겼나요?,2
조선시대 백성들이 새로운 농업기술을 받아들이고 적용하는 과정은 어땠나요?,2
조선시대 백성들이 새로운 농업기술을 받아들이는 과정은 어땠나요?,2
조선시대 백성들이 새로운 농업기술을 받아들여 적용하는 과정은 어땠나요?,2
새로운 농업기술의 도입은 조선시대 백성들의 농업 관련 생활에 어떤 변화를 가져왔나요?,2
새로운 농업기술의 도입은 조선시대 백성들의 농업 관련 생활에 어떤 변화를 만들었나요?,2
새로운 농업기술의 도입은 조선시대 백성들의 농업 관련 생활에 어떤 변화를 주었나요?,2
농업기술의 혁신이 일상적인 농사에 어떻게 적용되었나요?,2
새로운 농업기술이 조선시대 백성들의 일상적인 농사에 어떻게 적용되었나요? 자세히 알려주세요.,2
농업기술을 백성들이 쉽게 받아들이고 적용할 수 있도록 하는 방법은 무엇이 있었나요?,2
농업기술을 백성들이 받아들이고 적용할 수 있도록 하는 방법은 무엇이 있었나요?,2
농업기술을 백성들이 실제로 적용할 수 있도록 하는 방법은 무엇이 있었나요?,2
조선시대에 도입된 새로운 농업기술은 백성들의 실제 농사에 어떻게 활용되었나요? 설명해주세요.,2
농부들이 새로운 농업 기술을 도입하는 데 어떤 도움을 받았나요?,2
세종때 어떤 역서들이 정리되었고 편찬됐어?,2
세종때 어떤 역서들이 정리되었고 편찬됐나요?,2
세종때 어떤 역서들이 정리되었고 편찬됐는지 알려주세요.,2
세종때 어떤 역서들이 정리되었고 편찬되었나요?,2
세종때 어떤 역서들이 정리되었고 편찬되었는지 알고 싶어요.,2
세종 때 어떤 중요한 역서들이 편찬되어 전통 지식의 보존과 발전에 기여했나요?,2
세종 때 어떤 중요한 역서들이 편찬되어 전통 지식의 보존과 발전에 기여했어?,2
세종 때 어떤 역서들이 편찬되어 전통 지식의 보존과 발전에 기여했나요?,2
세종 때 어떤 중요한 역서들이 편찬되어 전통 지식의 발전에 기여했나요?,2
세종 때 역서 편찬은 어떤 과정과 작업자들의 참여로 이루어졌나요?,2
세종 때 역서 편찬은 어떤 과정과 작업자들의 참여로 이루어졌는지 알려주세요.,2
세종 때 역서 편찬은 어떤 과정과 작업자들의 참여로 이루어졌는지 알고 싶어요.,2
세종 때 편찬된 역서들은 현재까지 어떻게 보존되고 연구되고 있나요?,2
세종 때 편찬된 역서들은 현재까지 어떻게 보존되고 연구되고 있어?,2
세종 때 편찬된 역서들은 현재까지 어떻게 보존되고 연구되고 있는지 알려줘.,2
세종 때 편찬된 역서들은 조선시대의 지식 전승과 교육 시스템에 어떤 영향을 미쳤나요?,2
세종 때 편찬된 역서들은 조선시대의 지식 전승과 교육 시스템에 어떤 영향을 미쳤는지 알려주세요.,2
세종 때 편찬된 역서들은 조선시대의 지식 전승과 교육 시스템에 어떤 영향을 미쳤는지 알고 싶어요.,2
세종 때 역서 편찬은 어떤 목적과 의도로 이루어졌나요?,2
세종 때 역서 편찬은 어떤 목적과 의도로 이루어졌는지 알려주세요.,2
세종 때 역서 편찬은 어떤 목적과 의도로 이루어졌지?,2
세종 때 편찬된 역서들은 어떤 방식으로 수집되고 편집되었나요?,2
세종 때 편찬된 역서들은 어떤 방식으로 수집되고 편집되었어?,2
세종 때 편찬된 역서들은 어떤 방식으로 수집되고 편집되었는지 알려주세요.,2
"세종 때 편찬된 역서들은 어떻게 활용되었고, 어떤 사람들에게 주로 사용되었나요?",2
"세종 때 편찬된 역서들은 어떻게 활용되었고, 어떤 사람들에게 주로 사용되었어?",2
"세종 때 편찬된 역서들은 어떻게 활용되었고, 어떤 사람들에게 주로 사용되었는지 알려주세요.",2
세종 때 어떤 역서들이 정리되었고 편찬되었나요?,2
세종 때 어떠한 역서들이 정리되었고 편찬되었나요?,2
세종 때 어떤 역서들이 정리되었고 편찬되었어?,2
세종 때 편찬된 역서들은 어떤 주제나 분야에 관한 지식을 담고 있었나요?,2
세종 때 편찬된 역서들은 어떤 주제나 분야에 관한 지식을 담고 있었어?,2
세종 때 편찬된 역서들은 어떤 주제나 분야에 관한 지식을 담고 있었는지 알려주세요.,2
세종 때 어떤 문헌들이 편찬되어 전해졌나요?,2
"세종 때 어떤 중요한 저작물이 편찬되었고, 그 내용은 무엇인가요?",2
"세종 때 어떤 중요한 저작물이 편찬되었고, 그 내용은 알려주세요.",2
"세종 때 어떤 중요한 저작물이 편찬되었고, 그 내용을 알려주세요.",2
"세종 때 어떤 중요한 저작물이 편찬되었고, 그 내용도 알려주세요.",2
세종 대왕의 지원 아래 편찬된 역서들은 어떤 분야에서의 지식을 담고 있었나요?,2
세종 대왕때 편찬된 역서들은 어떤 분야에서의 지식을 담고 있었나요?,2
세종 대왕의 지원 아래 편찬된 역서들은 어떤 분야에서의 지식을 담고 있었어?,2
칠정산내편에 대해 더 자세히 알려줘.,2
칠정산내편에 대해 더 자세히 알려주세요.,2
칠정산내편에 대해 더 자세히 알고싶어요.,2
칠정산내편에 대해 더 자세히 말해주세요.,2
칠정산내편에 대해 자세하게 알고 싶어요.,2
칠정산내편은 어떤 목적으로 편찬되었나요?,2
세종 대왕이 칠정산내편을 편찬한 목적은 무엇이었나요?,2
세종 대왕이 칠정산내편을 편찬한 목적은?,2
세종 대왕이 칠정산내편을 편찬한 목적을 알려주세요.,2
칠정산내편이 세종 대왕 시대의 한반도 사회에 미친 영향과 역할은 무엇이었나요?,2
칠정산내편이 세종 대왕 시대의 조선시대에 미친 영향과 역할은 무엇이었나요?,2
칠정산내편이 세종 대왕 시대의 조선시대 농업에 미친 영향과 역할은 무엇이었나요?,2
칠정산내편이 조선 시대 사회나 문화에 어떤 영향을 미쳤나요?,2
칠정산내편이 조선 시대 사회 문화에 어떤 영향을 미쳤나요?,2
칠정산내편이 조선 시대 사회에 어떤 영향을 미쳤나요?,2
칠정산내편의 역사적인 배경과 중요성에 대해 알려주세요.,2
칠정산내편의 역사적인 배경과 중요성에 대해 알려줘.,2
칠정산내편의 역사적인 배경과 중요성에 대해 알고싶어요.,2
칠정산내편의 역사적인 배경과 중요성은 뭔가요?,2
칠정산내편은 어떻게 보전되고 전해져 왔나요?,2
칠정산내편은 어떻게 보전되고 전해져 왔어?,2
칠정산내편은 어떻게 보존되고 전해져 왔나요?,2
칠정산내편은 어떻게 보전되고 전해져 왔는지 알려줘.,2
칠정산내편은 어떻게 보전되고 전해져 왔는지 알려주세요.,2
칠정산내편에는 어떤 내용이 담겨져 있나요?,2
칠정산내편에는 어떤 내용이 담겨져 있는지 알려줘.,2
칠정산내편에서 특히 주목할 만한 점은 무엇인가요?,2
칠정산내편이란 무엇인가요?,2
칠정산내편이 뭐야?,2
칠정산내편이란?,2
칠정산내편이 뭔가요?,2
"칠정산내편은 세종 대왕 시대에 어떻게 편찬되었고, 어떤 목적으로 사용되었나요?",2
"칠정산내편은 세종 대왕 시대에 어떻게 편찬되었고, 어떤 목적으로 사용되었어?",2
"칠정산내편은 세종 대왕 시대에 어떻게 편찬되었고, 어떤 목적으로 사용되었는지 알려줘.",2
"칠정산내편은 세종 대왕 시대에 어떻게 편찬되었고, 어떤 목적으로 사용되었는지 알려주세요.",2
칠정산내편이 무엇인지 궁금해요.,2
칠정산내편이 무엇인지 궁금합니다.,2
칠정산내편이 무엇인지 궁금해.,2
칠정산내편이 무엇인지 알고 싶어.,2
칠정산내편이 무엇인지 알고싶어요.,2
세종때의 인쇄술에 대해 알려줘,2
세종때의 인쇄술의 발전 과정에 대해 알려줘.,2
세종때의 인쇄술의 발전 과정에 대해 알려주세요.,2
세종때의 인쇄술의 발전 과정에 대해 알고싶어.,2
세종때의 인쇄술이 어떻게 발전했어.,2
세종 때의 인쇄술은 어떻게 발전하고 사용되었나요?,2
세종 때 인쇄술이 개발된 이유와 목적에 대해 알려주세요.,2
세종 때 인쇄술이 개발된 이유와 목적이 궁금해요.,2
세종 때 인쇄술이 개발된 이유와 목적은 무엇이었나요?,2
세종 때 인쇄술은 어떤 기술적 특징을 가졌는지 알려주세요.,2
세종 때의 인쇄술은 어떤 기술적 특징을 가지고 있었는지 궁금해요.,2
세종 때의 인쇄술은 어떤 기술적인 특징을 가지고 있었나요?,2
세종 때 인쇄술이 어떻게 보급되었나요?,2
세종 때 인쇄술이 어떻게 보급되었어?,2
세종 때 인쇄술이 어떻게 보급되었는지 알려줘.,2
세종때 인쇄술의 발전은 문화와 교육에 어떤 영향을 미쳤나요?,2
세종때 인쇄술의 발전은 문화와 교육에 어떤 영향을 미쳤어?,2
세종때 인쇄술의 발전은 문화와 교육에 어떤 영향을 줬어?,2
세종때 인쇄술은 어떻게 발전했나요? 알려주세요.,2
세종때 인쇄술은 어떻게 발전했는지 알려주세요.,2
세종때 인쇄술은 어떻게 발전했나요,2
세종때 인쇄술은 어떻게 발전했는지 알고싶어요.,2
세종때 인쇄술의 발전은 어떤 도구와 재료를 사용했나요?,2
세종때 인쇄술의 발전은 어떤 도구와 재료를 사용했어?,2
세종때 인쇄술의 발전은 어떤 도구와 재료를 사용했는지 알려줘.,2
세종때 인쇄술의 발전은 어떤 도구와 재료를 사용했는지 알고싶어요.,2
세종때 인쇄술은 어떤 기술과 방법을 사용했나요?,2
세종때 인쇄술은 어떤 기술과 방법을 사용했어?,2
세종때 인쇄술은 어떤 기술과 방법을 사용했는지 알려줘.,2
세종때 인쇄술은 어떤 기술과 방법을 사용했는지 알고싶어요.,2
세종때 인쇄술의 발전은 어떤 목적과 필요성에서 시작되었나요?,2
세종때 인쇄술의 발전은 어떤 목적과 필요성에서 시작되었어?,2
세종때 인쇄술의 발전은 어떤 목적과 필요성에서 시작되었는지 알려줘.,2
세종때 인쇄술의 발전은 어떤 목적과 필요성에서 시작되었는지 알고싶어요.,2
세종 때의 인쇄술이 조선 시대 사회와 문화에 어떤 영향을 미쳤나요?,2
세종 때의 인쇄술이 조선 시대 사회와 문화에 어떤 영향을 미쳤어?,2
세종 때의 인쇄술이 조선 시대 사회와 문화에 어떤 영향을 줬어?,2
세종 때의 인쇄술이 조선 시대 사회와 문화에 어떤 영향을 주었나요?,2
세종때 인쇄술에는 어떤 발전이 있었나요?,2
세종때 인쇄술에는 어떤 발전이 있었어?,2
세종때 인쇄술에는 어떤 발전이 있었는지 알려줘.,2
세종때 인쇄술에는 어떤 발전이 있었는지 알려주세요.,2
세종때 인쇄술에는 어떤 발전이 있었는지 알고싶어.,2
세종때 인쇄술에는 어떤 발전이 있었는지 알고싶어요.,2
세종 때 인쇄술은 어떤 발전과 혁신을 경험했나요?,2
세종 때 인쇄술은 어떤 발전과 혁신을 경험했어?,2
세종 때 인쇄술은 어떤 발전과 혁신을 경험했어요?,2
세종 때 인쇄술은 어떤 발전과 혁신을 경험했는지 알려줘.,2
세종 때 인쇄술의 기술적인 발전은 어떤 측면에서 이루어졌나요?,2
세종 때 인쇄술의 기술적인 발전은 어떤 측면에서 이루어졌어?,2
세종 때 인쇄술의 기술적인 발전은 어떻게 이루어졌나요?,2
세종 때 인쇄술의 기술적인 발전은 어떻게 이루어졌어?,2
세종 때 인쇄술의 기술적인 발전은 어떻게 이루어졌나?,2
세종 때 인쇄술 기술의 발전은 어떻게 인쇄물의 품질을 향상시켰나요?,2
세종 때 인쇄술 기술의 발전은 어떻게 인쇄물의 품질을 향상시켰어?,2
세종 때 인쇄술 기술의 발전은 인쇄물의 품질을 어떤 방법으로 향상시켰나요?,2
세종 때 인쇄술 기술의 발전은 인쇄물의 품질을 어떤 방법으로 향상시켰어?,2
세종 때 인쇄술 기술의 발전은 인쇄물의 품질을 어떤 방법으로 향상시켰는지 알려줘.,2
세종 때 인쇄술의 발전은 조선 시대 사회와 문화에 어떤 영향을 미쳤나요?,2
세종 때 인쇄술의 발전은 조선 시대 사회와 문화에 어떤 영향을 미쳤어?,2
세종 때 인쇄술의 발전은 조선 시대 사회와 문화에 어떤 영향을 줬어?,2
세종 때 인쇄술의 발전은 조선 시대 사회와 문화에 어떤 영향을 주었어?,2
세종 때 인쇄술의 발전은 조선 시대 사회와 문화에 어떤 영향을 주었나요?,2
세종 때 인쇄술의 발전은 어떻게 인쇄 생산성과 효율성을 향상시켰나요?,2
세종 때 인쇄술의 발전은 어떻게 인쇄 생산성과 효율성을 향상시켰어?,2
세종 때 인쇄술의 발전은 인쇄 생산성과 효율성을 어떤 방식으로 향상시켰나요?,2
세종 때 인쇄술의 발전은 인쇄 생산성과 효율성을 어떤 방식으로 향상시켰어?,2
세종 때 인쇄술의 발전은 인쇄 생산성과 효율성을 어떤 방식으로 향상시켰나?,2
세종 때 인쇄술의 발전은 어떤 기술적인 개선으로 인쇄 생산성을 향상시켰나요?,2
세종 때 인쇄술의 발전은 어떤 방식으로 인쇄 효율성을 향상시켰나요?,2
세종 때 인쇄술의 발전은 어떤 조치를 통해 인쇄 작업의 시간과 비용을 절감시켰나요?,2
세종 때 인쇄술의 생산성과 효율성 향상은 조선 시대 인쇄물의 양과 다양성에 어떤 영향을 미쳤나요?,2
세종 때 인쇄술의 발전은 어떤 도구나 장비의 도입으로 인쇄 생산성을 향상시켰나요?,2
세종대 농업서적에는 무엇이 있나요?,2
세종대 농업서적에는 무엇이 있어?,2
세종대 농업서적에는 뭐가 있어?,2
세종대 농업서적에는 뭐가 있나요?,2
세종대 농업서적의 종류를 알려줘.,2
세종대 농업서적에는 어떤 내용이 담겨져 있나요?,2
세종대 농업서적 중에서 주요한 저작물은 무엇이 있나요?,2
세종대 농업서적은 어떤 목적으로 편찬되었나요?,2
세종대 농업서적이 농민들에게 어떤 도움을 주었나요?,2
세종 때 편찬된 농업서적에는 어떤 내용이 담겨 있나요? 알려주세요.,2
세종 때 편찬된 농업서적은 어떤 주제와 분야를 다루었나요?,2
세종대 농업서적은 조선 시대 농업 기술의 발전과 어떤 연관이 있나요?,2
농업서적으로 무엇이 있는지 궁금해요.,2
농업서적으로는 무엇이 있나요?,2
농업서적에는 어떤 종류의 책들이 포함되나요?,2
농업서적 중에서 대표적인 저작물은 무엇인가요?,2
농업서적은 어떤 형식으로 구성되어 있나요?,2
세종 때 편찬된 농업서적은 어떤 농업 기술과 방법을 소개하고 있나요?,2
"농업서적은 어떻게 활용되어 왔으며, 어떤 사람들에게 유용한 정보를 제공하고 있나요?",2
"세종 때 편찬된 농업서적은 어떤 작물의 재배, 경작, 관리 등에 대한 정보를 담고 있었나요?",2
"세종 때 편찬된 농업서적은 어떤 목적으로 편찬되었나요? 지식 보존, 농민 교육, 생산성 향상 등의 목표가 있었을까요?",2
"세종 때 편찬된 농업서적은 어떤 사람들에게 주로 사용되었나요? 농민, 관료, 연구자 등 다양한 그룹에게 활용되었을까요?",2
세종 때 편찬된 농업서적은 현재까지 어떻게 보존되고 연구되고 있나요? 현대 농업 기술과의 연결고리가 있는지 알려주세요.,2
농업서적은 어떤 주제와 내용을 다루고 있나요?,2
삼강행실도 역사적 배경에 대해서 알려주세요.,2
삼강행실도의 역사적 배경은?,2
삼강행실도 역사적 배경을 알려줘,2
삼강행실도의 역사적 배경이 궁금해요.,2
삼강행실도의 역사적인 배경은 무엇인가요?,2
삼강행실도는 무엇인가요? 그 의미와 역사적 배경을 알려주세요.,2
삼강행실도는 한국에서 어떤 역할을 하나요?,2
삼강행실도의 핵심 원리는 무엇인가요?,2
삼강행실도가 사회에 미치는 영향은 어떤 것들이 있나요?,2
삼강행실도가 사회에 미치는 영향은 어떤 것들이 있어?,2
삼강행실도가 사회에 미치는 영향은 어떤게 있나요?,2
삼강행실도가 사회에 미치는 영향은 어떤게 있어?,2
삼강행실도가 사회에 미치는 영향은 어떤게 있는지 알려줘.,2
삼강행실도에서 가장 중요한 가치가 무엇인지 궁금해요.,2
삼강행실도의 가치가 궁금해요.,2
삼강행실도의 가장 중요한 가치는 무엇인가요?,2
삼강행실도의 현대적인 적용 사례는 어떤 것들이 있나요?,2
삼강행실도의 현대적인 적용 사례는?,2
삼강행실도의 현대적인 적용 사례가 있을까?,2
삼강행실도의 현대적인 적용 사례에 대해 알려줘.,2
삼강행실도의 현대적인 적용 사례는 어떤 것들이 있을까?,2
삼강행실도에서 주요한 가치 중 어떤 측면이 사회적인 관계에서 가장 중요하게 여겨졌나요?,2
삼강행실도에서 주요한 가치 중 어떤 측면이 사회적인 관계에서 가장 중요하게 여겨졌어?,2
삼강행실도에서 주요한 가치 중 어떤 측면이 사회적인 관계에서 중요하게 여겨졌나요?,2
삼강행실도에서 주요한 가치 중 어떤 측면이 사회적인 관계에서 중요하게 여겨졌어?,2
삼강행실도에서 주요한 가치 중 사회적 관계에서 가장 중요하게 여겨진것은?,2
"삼강행실도는 어떤 목적으로 작성되었고, 어떤 가치와 원리를 강조하고 있나요?",2
"삼강행실도는 어떤 목적으로 작성되었고, 어떤 가치와 원리를 강조하나요?",2
"삼강행실도는 어떤 목적으로 작성되었고, 어떤 가치와 원리를 강조해?",2
"삼강행실도는 어떤 목적으로 작성되었고, 어떤 가치와 원리를 강조하는지 알려줘.",2
삼강행실도와 관련된 문화 유산이 있을까요?,2
삼강행실도와 관련된 문화 유산이 있나?,2
삼강행실도와 관련된 문화 유산이 있을까요?,2
"삼강행실도는 무엇이며, 어떤 내용을 담고 있나요?",2
삼강행실도는 어떤 사상이나 철학을 담고 있는 문헌인가요? 그 내용을 설명해주세요.,2
"삼강행실도는 조선시대에 어떻게 수용되었고, 어떤 방식으로 사회체제에 영향을 미쳤나요?",2
"삼강행실도는 조선시대에 어떻게 수용되었고, 어떤 방식으로 사회체제에 영향을 미쳤나요?",2
"삼강행실도는 조선시대에 어떻게 수용되었고, 어떤 방식으로 교육체제에 영향을 미쳤나요?",2
"삼강행실도는 조선시대에 어떻게 수용되었고, 어떤 방식으로 교육체제에 영향을 미쳤나요?",2
삼강행실도의 주요한 특징이나 특이사항은 무엇인가요?,2
삼강행실도의 주요한 특징이나 특이사항은?,2
삼강행실도의 주요한 특징이나 특이사항은 뭐야?,2
삼강행실도의 주요한 특징이나 특이사항은 뭔가요?,2
삼강행실도의 내용은 한국 문화와 역사에 어떤 영향을 미쳤나요?,2
삼강행실도의 내용은 한국 문화와 역사에 어떤 영향을 미쳤어?,2
삼강행실도의 내용은 한국 문화와 역사에 어떤 영향을 줬어?,2
삼강행실도가 조선 시대 사회나 문화에 어떤 영향을 미쳤나요?,2
삼강행실도는 어떤 교육과 가르침에 활용되었나요? 어떻게 사회 구성원들에게 전파되고 교육되었을까요?,2
"삼강행실도는 어떤 시기에 작성되었으며, 누가 편찬한 것인가요?",2
삼강행실도에 대해서 설명해주세요.,2
삼강행실도가 뭐야?,2
삼강행실도는 무엇인지 궁금해요.,2
삼강행실도는 무엇인가요,2
삼강행실도란?,2
훈민정음을 어떤 것을 위해 창제되었나요?,3
세종은 훈민정음을 무엇 때문에 창제했나요?,3
훈민정음은 무엇 때문에 창제되었나요?,3
훈민정음은 무엇을 위해 창제되었나요?,3
훈민정음은 누구를 위해 창제되었나요?,3
세종의 훈민정음은 어떤 사람들을 위해 만들어졌나요?,3
훈민정음의 주요 목표 대상은 누구였나요?,3
세종의 훈민정음은 어떤 사람들의 언어적 요구를 충족시키기 위해 고안되었나요?,3
훈민정음 창제 이유?,3
훈민정음이 창제된 이유가 궁금해요,3
훈민정음 창제 이유를 알려주세요,3
세종이 훈민정음을 창제하려고 했던 이유는?,3
세종이 훈민정음을 왜 창제했나요?,3
훈민정음을 창제하신 의도가 무엇인가요?,3
어떤 의도로 훈민정음을 창제하셨나요?,3
훈민정음의 창제는 세종의 어떤 의도에서 시작되었나요?,3
세종이 훈민정음을 창제한 목적은 무엇이었나요?,3
훈민정음은 왜 창제되었나요?,3
훈민정음을 창제하게 된 이유가 무엇인가요?,3
세종이 훈민정음을 만든 이유는 무엇인가요?,3
세종은 백성들의 훈민정음 활용에 어떤 노력을 했나요?,3
훈민정음의 보급에는 어떤 노력이 이루어졌나요?,3
훈민정음 보급을 위해 어떤 일을 하셨나요?,3
훈민정음 보급을 위해 하신 일은?,3
세종은 훈민정음의 보급을 위해 어떤 정책을 시행했나요?,3
훈민정음 보급에 어떻게 힘쓰셨나요?,3
훈민정음을 알리기 위해 어떻게 하셨나요?,3
훈민정음을 널리 알리기 위해 어떻게 하셨나요?,3
훈민정음을 널리 알리기 위해 어떻게 힘쓰셨나요?,3
세종은 훈민정음 보급에 어떻게 힘 썼나요?,3
세종은 훈민정음 완성과 함께 어떻게 보급에 힘썼나요?,3
세종대왕이 훈민정음 보급을 위해 했던 노력?,3
세종이 출간한 시가와 서적은 어떤 것들이 있나요? ,3
세종이 번역하고 출간한 시가와 서적은 어떤 것들이 있나요?,3
세종은 훈민정음을 활용할 수 있도록 서리들에게 어떤 방법을 사용했나요?,3
훈민정음을 활용하게 하기 위해 어떤 방법을 사용했나요?,3
세종이 훈민정음을 배우고 활용할 수 있도록 서리들에게 어떤 방법을 사용했나요?,3
훈민정음을 행정 실무에 이용하도록 한 이유는 무엇인가요?,3
세종이 훈민정음을 행정 실무에 이용하도록 한 이유는 무엇인가요?,3
세종이 훈민정음을 행정 실무에 이용하도록 한 것은 어떤 이유가 있었나요?,3
세종대왕의 가장 빛나는 업적 하나를 알려주세요,3
세종의 가장 빛나는 업적 하나는?,3
세종대왕의 가장 빛나는 업적은?,3
세종의 가장 빛나는 업적은 무엇인가요?,3
세종이 창제한 것으로 가장 빛나는 업적은 무엇인가요?,3
세종은 누구의 협력을 받아 훈민정음을 창제했나요?,3
세종이 훈민정음을 창제할 때 어떤 사람의 도움을 받았나요?,3
"훈민정음을 만들 때, 세종은 누구의 지원을 받았나요?",3
"훈민정음 개발 시, 세종은 어떤 사람과 협력했나요?",3
세종의 훈민정음 창제 과정에서 누가 세종을 도왔나요?,3
세종이 훈민정음을 개발할 때 협력한 사람은 누구인가요?,3
"훈민정음을 만들 때, 세종은 누구와 협력하여 성공했나요?",3
세종이 훈민정음을 창제하면서 함께 일한 사람은 누구인가요?,3
훈민정음의 창제 과정에서 세종이 협력한 사람은 누구였나요?,3
훈민정음 개발 과정에서 세종은 어떤 사람과 협력했나요?,3
훈민정음의 기초 원리는 어떻게 구성되었나요?,3
훈민정음은 어떤 언어학적 원리에 기반하여 창제되었나요?,3
훈민정음은 어떤 원리에 기반하여 만들어졌나요?,3
훈민정음 창제 원리를 자세히 설명해주세요.,3
훈민정음의 창제는 어떤식으로 이루어졌나요?,3
훈민정음의 창제는 어떻게 이루어졌나요?,3
훈민정음이 어떻게 창제되었는지 설명해주세요.,3
훈민정음 창제가 어떻게 이루어졌는지 설명해주세요,3
훈민정음이 어떻게 대중애와 범국민적 욕구를 반영하고 있나요?,3
세종대왕의 대중애와 범국민적 욕구는 어떻게 훈민정음 창제에 반영되었나요?,3
훈민정음의 발명은 어떻게 모범적인 사례로 평가되나요?,3
세종의 훈민정음 창제와 관련된 기관의 명칭은 무엇이었나요?,3
훈민정음 창제에 도움을 준 조직의 이름은 무엇인가요?,3
훈민정음 창제에 함께 힘쓴 기관 이름은 무엇인가요?,3
훈민정음의 창제는 세종이 어떤 기관을 통해 이루어졌나요?,3
훈민정음 창제 작업은 누구와 협력하여 이루어졌나요?,3
훈민정음을 창제하는 과정에서 누구와 협력했나요?,3
훈민정음을 만들기 위해 세종은 어떤 사람들과 함께 일했나요?,3
훈민정음을 개발하면서 세종이 협력한 동료들은 어떤 사람들이었나요?,3
세종이 훈민정음을 창제하는 동안 협력한 사람들은 누구였나요?,3
훈민정음을 만들기 위해 세종은 누구의 도움을 받았나요?,3
훈민정음 개발 과정에서 세종과 함께한 협력자는 누구들이었나요?,3
훈민정음 창제는 누구와 함께 이루어졌나요?,3
세종은 누구의 도움을 받아 훈민정음을 창제했나요?,3
훈민정음의 창제를 위해 세종은 누구와 협력했나요?,3
훈민정음을 창제하는데 참여한 학자들을 알려줘,3
훈민정음 창제에 협력했던 학자들은 누가있나요?,3
세종은 어떤 기관의 도움을 받아 훈민정음을 창제했나요?,3
훈민정음의 창제에 기여한 조직의 명칭은 무엇이었나요?,3
훈민정음의 창제에 참여한 학자들의 이름은 무엇인가요?,3
훈민정음이 만들어지기 이전에 어떤 글쓰기 체계가 통용되었나요?,3
훈민정음 등장 이전에 어떤 문자 체계가 주로 사용되었나요?,3
훈민정음이 개발되기 이전에는 어떤 문자체계가 통용되었던가요?,3
훈민정음의 등장 이전에는 어떤 글쓰기 체계가 주로 사용되었나요?,3
훈민정음이 창제되기 이전에는 어떤 문자체계를 사용했나요?,3
훈민정음이 개발된 시기에 세종은 어떤 기관을 지휘하고 있었나요?,3
세종이 훈민정음을 창제할 때 어떤 공공 기관을 운영하고 있었나요?,3
훈민정음이 개발된 시기에 세종이 어떤 기관을 지휘하고 있었는지 설명해주세요.,3
훈민정음이 창제된 시기에 세종은 어떤 기관을 운영하고 있었나요?,3
훈민정음의 창제를 위해 세종은 어떤 기관을 활용했나요?,3
훈민정음이 등장하면서 언어와 문화에 어떤 변화가 있었나요?,3
훈민정음의 창제로 인해 어떤 변화가 일어났나요?,3
세종의 대표 업적을 알려줘,3
훈민정음 창제 사실을 통해 알 수 있는 것은 무엇인가요?,3
한글의 모음과 자음은 어떤 음양의 원리에 따라 만들어졌나요?,3
모음과 자음은 어떻게 만들어졌나요?,3
한글의 모음과 자음은 어떤 논리나 체계에 따라 만들어졌을까요?,3
모음과 자음의 형성에 관한 한글 문자의 원리는 무엇인가요?,3
모음과 자음이 한글 문자에서 어떻게 형성되었을까요?,3
한글에서 모음과 자음은 어떤 원리에 기반하여 만들어졌나요?,3
"모음, 자음은 어떤 원리를 사용했나요?",3
세종 대왕의 업적 중에서 가장 두드러진 성과는 어떤 것이라고 생각하십니까?,3
세종 대왕의 업적 중에서 가장 뚜렷한 성과는 어떤 것이었나요?,3
세종 대왕의 업적 중에서 특히 두드러진 성과는 무엇인가요?,3
세종 대왕의 두드러진 업적 중에서 가장 중요한 성과는 무엇인가요?,3
세종의 업적 중에서 가장 두드러진 성과는 무엇인가요?,3
세종 대왕의 노력 중에서 국가 발전을 위해 가장 핵심적인 부분은 무엇이었나요?,3
세종 대왕의 노력 중에서 국가 발전에 가장 큰 영향을 미친 것은 무엇인가요?,3
세종 대왕의 노력 중에서 국가 발전에 가장 중요한 역할을 한 것은 무엇인가요?,3
세종 대왕의 업적 중에서 국가 발전에 가장 큰 기여를 한 것은 무엇이라고 생각하십니까?,3
세종 대왕의 노력 중에서 국가 발전에 가장 중요한 역할을 한 것은 무엇인가요?,3
세종 대왕의 업적 중에서 국가 발전에 가장 큰 기여를 한 것은 무엇이라고 생각하십니까?,3
세종의 업적 중에서 국가 발전에 가장 큰 기여를 한 것은 무엇인가요?,3
세종 대왕의 업적 중에서 국민들의 삶을 변화시킨 가장 중요한 부분은 무엇인가요?,3
세종 대왕의 노력 중에서 국민들의 삶을 개선하는 데 가장 기여한 것은 무엇인가요?,3
세종 대왕의 노력 중에서 국민들의 삶을 가장 크게 개선시킨 것은 무엇인가요?,3
세종 대왕의 업적 중에서 국민들의 삶에 가장 큰 영향을 미친 것은 무엇이라고 생각하나요?,3
세종의 업적 중에서 국민들의 삶에 가장 큰 변화를 가져온 것은 무엇인가요?,3
세종 대왕의 업적 중에서 학문 발전을 위한 가장 핵심적인 역할을 한 것은 무엇인가요?,3
세종 대왕의 노력 중에서 학문 분야에 가장 큰 기여를 한 것은 무엇이라고 생각하나요?,3
세종 대왕의 노력 중에서 학문 발전을 촉진한 부분은 어떤 것이었나요?,3
세종 대왕의 업적 중에서 학문 분야에 큰 영향을 미친 것은 무엇이라고 생각하나요?,3
세종 대왕의 업적 중에서 학문 발전을 위한 가장 중요한 기여는 무엇인가요?,3
세종 대왕의 노력 중에서 학문 발전을 촉진한 가장 주요한 부분은 무엇인가요?,3
세종의 업적 중에서 학문 발전에 가장 큰 역할을 한 것은 무엇인가요?,3
훈민정음은 어떤 특징이 있나요?,3
훈민정음은 어떤 문자체계의 특징을 가지고 있나요?,3
훈민정음은 어떤 특징을 가지고 있나요?,3
훈민정음 특징은 무엇이라고 할 수 있나요?,3
훈민정음은 언제 세상에 나오게 되었나요?,3
훈민정음이 발표된 시기가 언제인가요?,3
훈민정음은 언제 반포되었나요?,3
훈민정음은 어떤 특징이 있나요?,3
훈민정음은 어떤 문자체계의 특징을 가지고 있나요?,3
훈민정음은 어떤 특징을 가지고 있나요?,3
훈민정음 특징은 무엇이라고 할 수 있나요?,3
훈민정음은 언제 세상에 나오게 되었나요?,3
훈민정음이 발표된 시기가 언제인가요?,3
훈민정음은 언제 반포되었나요?,3
훈민정음이 대중에게 공식적으로 발표된 시기를 설명해주세요.,3
훈민정음이 대중에게 공식적으로 공개된 날짜는 언제인가요?,3
훈민정음이 반포된 시기는 언제인가요?,3
세종은 왜 훈민정음을 반포했나요?,3
훈민정음을 반포한 이유는 무엇인가요?,3
훈민정음 반포 이유는 뭔가요?,3
훈민정음을 반포한 배경과 목적은 무엇이었나요?,3
세종 대왕이 훈민정음을 반포한 동기는 무엇이었나요?,3
훈민정음의 창제에 관련된 어떤 정치적 어려움을 세종 대왕이 경험했을까요?,3
세종 대왕이 훈민정음을 만들면서 어떤 난관을 극복해야 했을까요?,3
훈민정음을 개발하면서 세종 대왕과 그의 동료들이 어떤 어려움을 극복해야 했나요?,3
훈민정음을 창제하실 때 어떤 어려움이 있었나요?,3
세종이 훈민정음을 만들면서 어떤 어려움을 겪었나요?,3
훈민정음의 창제 과정에서 어떤 어려움을 겪었나요?,3
훈민 정음 창제 시 어려움을 어떻게 극복하셨나요?,3
훈민정음 창제 과정에서 겪은 어려움과 극복과정에 대해 말해주세요,3
훈민정음을 만들 때 겪은 어려움은 무엇이고 극복은 어떻게 하였나요?,3
훈민정음 창제 이후 문화적 변화로는 어떤 것이 있나요?,3
훈민정음이 창제된 이후 어떤 문화적 변화가 있었나요?,3
훈민정음의 등장으로 인해 언어 사용 방식에 어떤 변화가 있었나요?,3
훈민정음이 창제된 이후 한글 문자와 언어에 어떤 변화가 있었나요?,3
훈민정음의 창제 이후 국민들에게 어떤 변화가 있었나요?,3
세종의 훈민정음 창제는 언어와 문화의 발전에 어떤 의미를 가지고 있나요?,3
훈민정음은 어떻게 평가되나요?,3
현재 훈민정음의 창제는 어떻게 평가되고 있는지 알려주세요.,3
훈민정음의 창제에 대한 현대 평가는 어떻게 되고 있나요?,3
훈민정음의 창제와 그 영향력에 대한 현대 평가는 어떤가요?,3
훈민정음은 어떻게 평가되고 있나요?,3
훈민정음의 창제는 어떻게 평가되고 있나요?,3
훈민정음은 국민의 삶에 어떤 도움을 주었나요?,3
훈민정음이 한국의 국가 발전에 어떤 긍정적인 영향을 미쳤나요?,3
"훈민정음이 국가 발전에 어떻게 도움을 주었고, 어떤 측면에서 기여했나요?",3
훈민정음이 어떻게 국가 발전에 기여했나요?,3
훈민정음이 한글의 보급과 확산에 어떤 방식으로 도움을 주었나요?,3
훈민정음은 어떻게 한글의 가치와 효과를 다른 나라들에게 알리는 데 기여했나요?,3
훈민정음이 한글의 창제와 보급에 어떻게 선구자 역할을 했나요?,3
세종의 훈민정음은 다른 나라에 어떤 영향을 주었나요?,3
훈민정음이 현재까지 계속 사용되는 주요한 이유는 무엇인가요?,3
훈민정음이 현대에도 사용되고 있는 이유에 대해 설명해주세요.,3
훈민정음이 한글 문자체계의 주요한 부분으로 남아 있는 이유는 무엇인가요?,3
"훈민정음이 한국의 역사와 정체성과 관련하여 사용되고 있는데, 이에 대해 어떤 이유가 있나요?",3
훈민정음이 현재까지 계속 사용되고 있는 이유는 무엇인가요?,3
"훈민정음이 나왔을 때, 한글의 수용과 인식 상황은 어땠나요?",3
"훈민정음이 처음 발표될 때, 한글은 어떻게 반응되었나요?",3
훈민정음이 창제된 시기에 한글은 어떻게 받아들여졌나요?,3
훈민정음이 한글의 보전과 전통을 유지하는 데 어떤 역할을 했나요?,3
훈민정음은 한글 문자체계의 발전을 어떻게 촉진했나요?,3
훈민정음이 한글의 발전과 보전에 어떤 역할을 하였나요?,3
훈민정음이 한글의 보전에 어떤 역할을 했나요?,3
훈민정음은 세계에서 어떻게 평가되고 있나요?,3
세계 문자 중에서 훈민정음은 어떤 의미를 가지고 있나요?,3
훈민정음이 어떤 과학적 원리에 기반하여 만들어졌나요?,3
훈민정음의 과학적인 원리와 형태는 어떻게 구성되어 있나요?,3
훈민정음이 가진 과학적인 원리와 형태는 어떤 것인가요?,3
훈민정음이 왜 세종 대왕에 의해 개발되었나요?,3
훈민정음이 왜 세종에게서 나왔을까요?,3
"훈민정음이 한국 문화에 어떤 영향을 미쳤으며, 이를 통해 어떤 변화가 있었나요?",3
한국 문화에 훈민정음은 어떤 영향을 주었나요?,3
훈민정음은 어떤 기여를 하였나요?,3
훈민정음이 한국 문화에 어떤 영향을 미쳤나요?,3
훈민정음의 창제와 보급은 어떻게 한글의 발전에 기여했나요?,3
훈민정음이 한글의 발전에 어떤 영향을 미쳤나요?,3
훈민정음의 보급으로 인해 어떤 변화가 있었나요?,3
훈민정음 보급으로 인한 변화는 어떤 것이 있나요?,3
훈민정음의 보급으로 인해 어떤 변화가 일반 백성들에게 생겼나요?,3
한글을 배우고 사용할 수 있는 기회가 생기면서 일반 백성들은 어떤 이점을 누릴 수 있었나요?,3
훈민정음의 사용은 어떻게 일반 백성들의 생활을 편리하게 만들었나요?,3
훈민정음을 통해 일반 백성들은 어떻게 글자를 통해 생활을 누릴 수 있게 되었나요?,3
훈민정음이 고유한 언어에 고유한 문자를 가지게 함으로써 어떤 결과를 가져왔나요?,3
훈민정음을 통해 민족 문화의 기반이 더욱 넓어지는 것은 어떤 의미를 갖고 있나요?,3
훈민정음이 고유한 문자를 갖는 민족의 자부심과 정체성을 어떻게 강화시켰나요?,3
한글의 보급으로 인해 일반 백성들이 창작과 의사소통에서 어떤 영향을 받았나요?,3
훈민정음이 처음에는 어떤 반대와 불안에 직면했나요?,3
훈민정음이 국내에서 널리 받아들여지기까지 어떤 노력이 이루어졌나요?,3
세종의 노력이 훈민정음의 받아들임에 어떤 영향을 미쳤나요?,3
훈민정음이 빠르게 국내에서 받아들여지게 된 이유는 무엇인가요?,3
"반대와 불안에도 불구하고, 훈민정음이 국내에서 널리 퍼진 이유는 무엇인가요?",3
훈민정음이 세종의 어떤 가치와 이념을 반영하고 있나요?,3
세종이 훈민정음을 개발한 이유는 무엇인가요?,3
세종이 훈민정음을 창제한 동기는 무엇인가요?,3
세종이 훈민정음을 만들게 된 배경은 무엇인가요?,3
세종이 훈민정음을 개발하게 된 동기는 무엇인가요?,3
세종이 훈민정음을 창제한 이유에는 어떤 이유들이 있나요?,3
세종이 훈민정음을 개발한 이유와 관련된 배경은 무엇인가요?,3
세종이 훈민정음을 만들게 된 동기에는 어떤 이유들이 있나요?,3
세종이 훈민정음을 개발하게 된 동기와 관련된 배경은 무엇인가요?,3
세종이 훈민정음을 창제한 목적은 무엇이었나요?,3
세종이 훈민정음을 개발한 목표는 무엇이었나요?,3
세종이 훈민정음을 창제하는 과정에서 어떤 어려움을 겪었나요?,3
세종이 훈민정음을 개발하면서 어떤 어려움들을 마주쳤나요?,3
세종이 훈민정음을 만들기 위해 어떻게 어려움을 극복했나요?,3
세종이 훈민정음을 창제하는 동안 어떤 어려움에 직면했나요?,3
세종이 훈민정음을 개발하는 과정에서 어떤 도전들을 경험했나요?,3
세종이 훈민정음을 만들면서 어떤 어려움들을 극복해야 했나요?,3
세종이 훈민정음을 창제하기 위해 어떤 어려움들을 극복했나요?,3
세종이 훈민정음을 만들기 위해 어떤 어려움들을 이겨냈나요?,3
세종이 훈민정음을 개발하는 동안 어떤 도전에 직면했나요?,3
세종이 훈민정음을 창제하는 과정에서 어떤 어려움들을 겪었을까요?,3
세종은 훈민정음의 보급을 위해 어떤 방법을 사용했나요?,3
세종이 훈민정음의 보급을 위해 어떤 조치를 취했나요?,3
세종이 훈민정음의 보급을 위해 어떤 정책을 시행하였나요?,3
세종이 훈민정음의 보급을 위해 어떤 대책을 실행했나요?,3
세종이 훈민정음의 보급을 위해 어떤 정책을 도입했나요?,3
세종이 훈민정음의 보급을 위해 어떤 방안을 채택했나요?,3
세종이 훈민정음의 보급을 위해 어떤 계획을 세웠나요?,3
세종이 훈민정음의 보급을 위해 어떤 정책을 적용했나요?,3
세종이 훈민정음의 보급을 위해 어떤 전략을 사용했나요?,3
세종이 훈민정음의 보급을 위해 어떤 방식을 이용했나요?,3
훈민정음이 한국 문화에 어떤 영향을 주었나요?,3
훈민정음이 한국 문화에 어떤 기여를 했나요?,3
훈민정음이 한국 문화에 어떤 영향력을 미쳤나요?,3
훈민정음이 한국 문화에 어떤 영향을 끼쳤나요?,3
훈민정음이 한국 문화에 어떤 가치를 증진시켰나요?,3
훈민정음이 한글의 발전에 어떤 기여를 했나요?,3
훈민정음이 한글의 발전에 어떤 영향을 끼쳤나요?,3
훈민정음이 한글의 발전에 어떤 혁신을 가져왔나요?,3
훈민정음이 한글의 발전에 어떤 진전을 이루었나요?,3
훈민정음이 한글의 발전에 어떤 역사적인 전환점을 만들었나요?,3
훈민정음이 한글의 발전에 어떤 변화를 가져왔나요?,3
세종대에 이루어진 과학기술의 발전에는 어떤것이 있어?,4
세종대 이루어진 과학기술 발전 중 어떤 것이 가장 뛰어난가요?,4
세종대에서 이루어진 과학기술의 발전은 어떤 자연과학 분야를 포함하고 있었나요?,4
세종대에서 이루어진 과학기술의 발전에는 어떤 분야가 포함되어 있나요?,4
세종대에서의 과학기술 발전으로 어떤 혁신이 이루어졌나요?,4
세종대의 과학기술 연구에서 주목할 만한 성과는 무엇인가요?,4
세종대에서 진행된 과학기술 연구로 어떤 기술 혁신이 이뤄졌나요?,4
세종대에서의 과학기술 연구로 인해 어떤 분야에서 발전이 이루어졌나요?,4
세종대에 이루어진 과학기술의 발전은 어떻게 경제적인 발전과 연결되었나요?,4
세종대에 과학기술 분야에서 어떤 연구 및 실험이 이루어졌나요?,4
세종대에서의 과학기술 연구로 어떤 기술적인 진보가 이루어졌나요?,4
세종 때에 개발된 과학기술은 군사 분야에서 어떻게 활용되었나요?,4
세종 때에 이루어진 과학기술의 발전은 어떻게 현대 과학 기술 발전에 이어져오고 있나요?,4
세종대에서 진행된 과학기술 연구로 어떤 기술 혁신이 이뤄졌나요?,4
세종대에서의 과학기술 연구로 인해 어떤 분야에서 발전이 이루어졌나요?,4
세종대에 이루어진 과학기술의 발전은 어떻게 경제적인 발전과 연결되었나요?,4
세종대에 과학기술 분야에서 어떤 연구 및 실험이 이루어졌나요?,4
세종대에서의 과학기술 연구로 어떤 기술적인 진보가 이루어졌나요?,4
세종 때에 개발된 과학기술은 군사 분야에서 어떻게 활용되었나요?,4
세종 때에 이루어진 과학기술의 발전은 어떻게 현대 과학 기술 발전에 이어져오고 있나요?,4
세종대에 개발된 과학기술은 어떻게 조선시대 사회에 영향을 미쳤나요?,4
세종대의 과학기술 연구에서 어떤 기술적인 진보가 관찰되었나요?,4
세종대에 이루어진 과학기술의 발전 중 가장 중요한 성취는 무엇이었나요?,4
세종대에서의 과학기술 연구로 어떤 새로운 기술이 개발되었나요?,4
천문관측 업적에 대해 더 자세히 알려줘,4
천문관측 업적에 대해 자세히 알려주세요,4
유명한 천문관측 업적은 어떤 것이 있나요?,4
세종대에 개발된 과학기술은 어떻게 조선시대 사회에 영향을 미쳤나요?,4
세종대의 과학기술 연구에서 어떤 기술적인 진보가 관찰되었나요?,4
세종대에 이루어진 과학기술의 발전 중 가장 중요한 성취는 무엇이었나요?,4
세종대에서의 과학기술 연구로 어떤 새로운 기술이 개발되었나요?,4
천문관측 업적에 대해 더 자세히 알려줘,4
천문관측 업적에 대해 자세히 알려주세요,4
유명한 천문관측 업적은 어떤 것이 있나요?,4
천문관측은 어떻게 이루어졌나요?,4
천문관측은 어떤 목적으로 이루어졌나요?,4
천문관측은 어떤 장비와 도구를 사용했나요?,4
천문관측의 업적은 현대 천문학에 어떤 영향을 미치고 있나요?,4
천문관측은 어떻게 과학 발전에 기여했나요?,4
천문관측의 결과는 어떻게 활용되었나요?,4
천문학 분야에서 이론과 실험을 통해 혁신적인 발전을 이룬 시기나 사건은 어떤 것이 있나요?,4
장영실의 물시계가 궁금해,4
물시계는 누가 발명했나요?,4
물시계는 뭔가요?,4
물시계가 무엇인가요?,4
장영실의 물시계에 대해 알려주세요.,4
물시계에 대해 자세히 알려주세요.,4
물시계가 정확히 뭔가요?,4
장영실의 물시계에 대해 자세히 알려주세요.,4
장영실의 물시계는 어떤 원리로 작동하나요?,4
"장영실의 물시계는 어떤 시간 단위를 사용하고, 어떻게 시간을 측정하나요?",4
"장영실의 물시계는 무엇이며, 어떤 원리로 작동되나요?",4
장영실의 물시계가 개발된 배경과 목적은 무엇이었나요?,4
장영실의 물시계가 현대에도 남아있는가요? 그렇다면 어디에서 볼 수 있나요?,4
장영실의 물시계의 문화적인 의미와 가치는 무엇인가요?,4
장영실의 물시계는 어떻게 정확한 시간을 보장했나요?,4
장영실의 물시계는 어떤 재료와 기술로 제작되었나요?,4
장영실의 물시계가 조선시대 과학 기술 발전에 어떤 역할을 했나요?,4
장영실의 물시계가 조선시대 과학 기술 발전에 어떤 영향을 주었나요?,4
장영실의 물시계는 어떻게 과학 기술 발전에 기여했나요?,4
장영실의 물시계가 조선시대 사회에 어떤 영향을 미쳤나요?,4
장영실의 물시계가 조선시대 사람들에게 어떤 혜택을 주었나요?,4
장영실의 물시계의 현존하는 사례나 관련 유적지는 어디에 있는지 알려주세요.,4
장영실의 물시계가 조선시대 사회에서 어떻게 활용되었나요?,4
장영실의 물시계가 현대 기술 발전에 어떤 영향을 미쳤나요?,4
장영실의 물시계와 그의 다른 과학적 발명품들은 어떤 연관성이 있나요?,4
"장영실의 물시계는 어떻게 제작되었으며, 어떻게 사용되었나요?",4
혼천의가 무엇인가요?,4
혼천의가 뭐야?,4
혼천의는 어떤 목적을 가지고 사용되었나요?,4
혼천의는 어떤 목적으로 활용되었나요?,4
혼천의의 역사적인 배경과 유래는 무엇인가요?,4
혼천의가 무엇인지 자세히 알려주세요.,4
혼천의는 어떻게 제작되고 전달되었나요? 전수된 기술이 있나요?,4
혼천의의 기원과 역사에 대한 자료나 기록은 어떤 출처들을 통해 확인할 수 있나요?,4
혼천의의 디자인과 형태는 어떻게 구성되어 있나요?,4
"혼천의는 어떤 개념이며, 어떤 분야에서 사용되는지 설명해주세요.",4
혼천의의 기능과 작동 원리는 어떻게 되나요?,4
혼천의의 역사적인 중요성은 어떤 측면에서 나타날까요?,4
혼천의의 기원과 역사에 대해 알려주세요.,4
해시계의 종류를 알고싶어,4
해시계의 종류에 대해 알려주세요.,4
해시계 종류가 궁금해요.,4
해시계가 무엇인가요?,4
혼천의의 기원과 역사에 대한 자료나 기록은 어떤 출처들을 통해 확인할 수 있나요?,4
혼천의의 디자인과 형태는 어떻게 구성되어 있나요?,4
"혼천의는 어떤 개념이며, 어떤 분야에서 사용되는지 설명해주세요.",4
혼천의의 기능과 작동 원리는 어떻게 되나요?,4
혼천의의 역사적인 중요성은 어떤 측면에서 나타날까요?,4
혼천의의 기원과 역사에 대해 알려주세요.,4
해시계의 종류를 알고싶어,4
해시계의 종류에 대해 알려주세요.,4
해시계 종류가 궁금해요.,4
해시계가 무엇인가요?,4
해시계가 무엇인지 궁금해요.,4
해시계는 어떤 종류가 있나요?,4
앙부일구가 어떻게 작동하는지에 대해 알려주세요.,4
가장 널리 알려진 해시계는 무엇인가요?,4
해시계의 다양한 종류에 대해 알려주세요.,4
천평일구와 현주일구의 차이점에는 뭐가 있나요?,4
천평일구는 어떤 특징이 있나요?,4
천평일구에는 어떤 특징이 있나요?,4
천평일구의 특징으로는 어떤 것이 있나요?,4
천평일구 설명해주세요,4
천평일구는 무엇인가요?,4
천평일구가 무엇인가요?,4
현주일구가 가지고 있는 특징에는 어떤 것이 있나요?,4
현주일구는 어떤 특징이 있나요?,4
현주일구가 무엇인가요?,4
혼천의가 가지고 있는 특징을 알려줘,4
혼천의의 특징에 대해 알려주세요.,4
혼천의가 다른 천문 관측 기구와 비교했을 때 어떤 특징을 가지고 있나요?,4
혼천의는 어떤 원리에 기반을 두고 작동하나요?,4
혼천의는 어떤 특징을 가지고 있나요?,4
측우기는 어떤 역할을 했나요?,4
측우기는 어떻게 설계되어 있고 작동하나요?,4
"측우기가 어떤 역할을 수행했고, 어떤 분야에서 사용되었나요?",4
해시계가 무엇인가요?,4
해시계가 무엇인지 궁금해요.,4
해시계는 어떤 종류가 있나요?,4
앙부일구가 어떻게 작동하는지에 대해 알려주세요.,4
가장 널리 알려진 해시계는 무엇인가요?,4
해시계의 다양한 종류에 대해 알려주세요.,4
천평일구와 현주일구의 차이점에는 뭐가 있나요?,4
천평일구는 어떤 특징이 있나요?,4
천평일구에는 어떤 특징이 있나요?,4
천평일구의 특징으로는 어떤 것이 있나요?,4
천평일구 설명해주세요,4
천평일구는 무엇인가요?,4
천평일구에는 어떤 특징이 있나요?,4
천평일구의 특징으로는 어떤 것이 있나요?,4
천평일구 설명해주세요,4
천평일구는 무엇인가요?,4
천평일구가 무엇인가요?,4
현주일구가 가지고 있는 특징에는 어떤 것이 있나요?,4
현주일구는 어떤 특징이 있나요?,4
현주일구가 무엇인가요?,4
혼천의가 가지고 있는 특징을 알려줘,4
혼천의의 특징에 대해 알려주세요.,4
혼천의가 다른 천문 관측 기구와 비교했을 때 어떤 특징을 가지고 있나요?,4
혼천의는 어떤 원리에 기반을 두고 작동하나요?,4
혼천의는 어떤 특징을 가지고 있나요?,4
측우기는 어떤 역할을 했나요?,4
측우기는 어떻게 설계되어 있고 작동하나요?,4
"측우기가 어떤 역할을 수행했고, 어떤 분야에서 사용되었나요?",4
측우기는 무엇을 측정하고 분석하는 역할을 했나요?,4
"측우기가 과학과 기상학에 어떤 기여를 했으며, 어떻게 사용되었나요?",4
측우기가 지구의 기후와 날씨를 관측하고 예측하는 데 어떤 역할을 했나요?,4
"측우기의 사용은 어떻게 농업이나 해양, 항공 등 다양한 분야에 영향을 미쳤나요?",4
측우기는 농업이나 환경 관리에 어떤 도움을 주었나요?,4
측우기는 현대 기상 관측에 어떤 영향을 미쳤나요?,4
측우기는 어떤 기후 현상이나 기상 패턴을 관측하는 데에 어떤 도움을 주었나요?,4
측우기의 역사적인 발전은 어떤 과학적인 발견과 연결되어 있나요?,4
측우기는 어떻게 사용되었고 어떤 정보를 제공했나요?,4
측우기의 역사적인 발전은 어떤 과학적인 발견과 연결되어 있나요?,4
측우기는 어떻게 사용되었고 어떤 정보를 제공했나요?,4
세종 때 기술적으로 크게 발전한 것들을 요약해주세요,4
세종 때 기술적으로 크게 발전한 것 중 가장 주목할 만한 것은 무엇이었나요?,4
세종 때 기술적인 발전은 어떻게 군사력 강화에 기여했나요?,4
세종 때에 발명된 기술은 어떻게 사회와 경제에 영향을 미쳤나요?,4
세종 때에 어떤 기술적인 혁신이 이루어졌나요?,4
세종 때 기술적인 발전은 현대의 과학 기술 발전에 어떻게 이어져오고 있나요?,4
세종 때의 기술적인 발전은 현대의 과학 기술 발전과 어떤 연결고리가 있을까요?,4
"세종 때 어떤 기술적인 발전들이 있었고, 그 중에서 주목할 만한 것들을 요약해주세요.",4
세종 때 기술과 과학 분야에서 어떤 혁신적인 발전이 있었나요? 주요한 것들을 간략하게 설명해주세요.,4
해시계(물시계) 종류로는 무엇이 있나요?,4
해시계(물시계)의 다양한 종류에는 어떤 것들이 있을까요?,4
해시계(물시계)의 종류를 알려주세요.,4
해시계는 지금까지 전해지고 있나요?,4
해시계의 단점을 알려주세요,4
해시계의 단점이 있나요?,4
천평일구의 특징이 무엇인가요?,4
천평일구의 특징은?,4
천평일구 특징이 궁금해요.,4
해시계(물시계)는 어떤 종류가 있는지 궁금해요.,4
가장 오래된 해시계는 어떤 것인가요?,4
해시계 중 가장 유명한 것은 무엇인가요?,4
해시계 종류 중 가장 잘 알려진 것은 무엇인가요?,4
전통적인 해시계 종류 중 가장 유명한 것은 무엇인가요?,4
가장 오래된 해시계는 어떤 건지 궁금해요.,4
물시계가 뭐야?,4
물시계는 무엇인가요?,4
물시계의 정의가 궁금해요..,4
물시계 종류에는 어떤 것들이 있을까요?,4
해시계 종류에는 어떤 것들이 있을까요?,4
자격루가 무엇인가요?,4
자격루는 무엇인지 궁금해요.,4
자격루의 정의를 알려주세요.,4
물시계는 무엇인가요?,4
물시계의 정의가 궁금해요..,4
물시계 종류에는 어떤 것들이 있을까요?,4
해시계 종류에는 어떤 것들이 있을까요?,4
자격루가 무엇인가요?,4
자격루는 무엇인지 궁금해요.,4
자격루의 정의를 알려주세요.,4
자격루에 대해 알려주세요.,4
자격루의 작동 원리는 어떻게 되나요?,4
자격루 역할에 대해 설명해주세요.,4
자격루를 설명해주세요,4
자격루의 역할은 무엇인가요?,4
법제적 측면에서 세종은 어떤 왕이었어?,5
세종이 어떤 왕이었는지 법제적 측면에서 말해줘,5
세종이 직접 법전 편찬에도 참여한 적이 있는지 궁금해요,5
세종이 법전 편찬에 직접 참여한 적이 있는지 알려줘,5
세종대왕이 직접 법전 편찬에 참여한 적이 있어?,5
세종대왕이 법전 편찬에 직접 참여한 적이 있는지 궁금해,5
세종대왕이 법전 편찬에도 직접 참여했어?,5
세종이 법전 편찬에도 참여했어?,5
세종이 직접 법전 편찬에 참여한 적도 있어?,5
감옥 운영을 어떻게 했는지 알려줘,5
세종은 감옥 운영을 어떻게 했어?,5
세종대왕은 감옥을 어떻게 운영했어?,5
세종의 감옥 운영 방법을 알려줘,5
세종대왕이 감옥을 어떻게 운영했는지 설명해줘,5
어떻게 감옥 운영을 했어?,5
감옥 운영을 어떻게 했는지 궁금해,5
어떻게 감옥을 운영했는지 궁금해,5
감옥 운영 방식이 궁금해,5
감옥 운영에 대해 설명해줘,5
세종대 감옥 운영에 대해 알려줘,5
세종때 어떤 법전이 완성됐는지 궁금해,5
세종때 어떤 법전이 완성됐는지 알려주세요,5
세종때 어떤 법전이 완성됐어?,5
전세제도 확립에 대해 설명해주세요,5
전세제도 확립에 대해 설명해줘,5
세종 전세제도 확립을 알려줘,5
세종대왕의 전세제도 확립에 대해 설명해주세요,5
세종의 전세제도 확립에 대해 궁금해요,5
세종의 전세제도 확립에 대해 알려줘,5
세종때 어떤 법제적 측면이 강화된 시기였는지 궁금해,5
세종때 어떤 법제적 측면이 강화된 시기였는지 알려줘,5
어떤 법제적 측면이 강화된 시기였는지 알려줘,5
세종때는 어떤 법제적 측면이 강화된 시기였어?,5
형벌제도가 궁금해,5
형벌제도에 대해 설명해주세요,5
형벌제도에 어떤 내용이 있었어?,5
형벌제도에는 어떤 내용이 있었는지 알려주세요,5
형벌제도에 어떤 내용이 포함되었는지 궁금해,5
세종대의 형벌제도에는 어떤 내용이 있나요?,5
농민을 위한 법은 무엇이 있었나요?,5
농민을 위한 법에는 무엇이 있었는지 궁금해,5
농민을 위한 법으로는 무엇이 있었어?,5
농민을 위한 법에는 무엇이 있었는지 말해줘,5
세종대의 농민을 위한 법에는 무엇이 있나요?,5
국토 확장 관련 업적을 무엇이 있는지 알려줘,5
국토 확장 관련 업적에 대해 알려줘,5
국토 확장 업적이 궁금해요,5
국토 확장 업적에 대해 설명해주세요,5
국토 확장 관련 업적이 궁금해,5
국토 확장 관련 업적으로는 무엇이 있나요?,5
속육전이 무엇인지 알려줘,5
속육전에 대해 알려줘,5
속육전이 무엇인가요?,5
속육전이 궁금해요,5
속육전을 설명해주세요,5
속육전에 대해 설명해주세요,5
속육전이란?,5
세종은 어떤 목적으로 법전의 정비에 힘을 기울였는지 궁금해요,5
세종은 어떤 목적으로 법전의 정비에 힘을 기울였나요?,5
세종이 어떤 법전을 편찬하고 완성했는지 궁금해요,5
세종대왕이 어떤 법전을 편찬하고 완성했나요?,5
세종대왕이 어떤 법전을 편찬하고 완성했는지 알려주세요,5
세종은 어떤 법전을 편찬하고 완성했나요?,5
세종은 형벌제도를 어떻게 정비했는지 궁금해요,5
세종대왕이 형벌제도를 어떻게 정비했는지 알려주세요,5
세종이 형벌제도를 어떻게 정비했는지 알려줘,5
세종대왕은 어떻게 형벌제도를 정비했나요?,5
세종은 형벌제도를 어떻게 정비했나요?,5
세종은 어떤 세법을 제정하고 기여했는지 궁금해요,5
세종대왕이 어떤 세법을 제정하고 기여했는지 알려주세요,5
세종은 어떤 세법을 제정하고 기여했나요?,5
세종은 어떤 국방책을 시행했는지 궁금해요,5
세종대왕은 어떤 국방책을 시행했나요?,5
세종이 어떤 국방책을 시행했는지 설명해주세요,5
세종대왕이 어떤 국방책을 시행했는지 알려주세요,5
세종대왕이 어떤 국방책을 시행했나요?,5
세종대왕이 어떤 국방책을 시행했는지 설명해줘,5
세종은 어떤 국방책을 시행했나요?,5
세종은 어떤 형벌을 통해 사회기강을 확립하려고 했나요?,5
세종은 법치주의를 강화하기 위해 어떤 조치를 취했나요?,5
세종이 어떤 법전을 편찬하고 정비했는지 알려주세요,5
세종은 어떤 법전을 편찬하고 정비했나요?,5
세종이 어떤 형벌제도와 흠휼정책을 시행했는지 알려주세요,5
세종은 어떤 형벌제도와 흠휼정책을 시행했나요?,5
세종이 어떤 형벌제도와 흠휼정책을 시행했는지 궁금해요,5
세종은 어떤 법제를 통해 전세제도를 확립했는지 궁금해요,5
세종은 어떤 법제를 통해 전세제도를 확립했나요?,5
세종은 어떤 조치를 취해 법치주의를 강화했는지 궁금해요,5
세종이 어떤 조치를 취해 법치주의를 강화했는지 알려주세요,5
세종은 어떤 조치를 취해 법치주의를 강화했나요?,5
세종이 옥내의 위생과 난방을 어떻게 관리했는지 알려주세요,5
세종은 어떻게 옥내의 위생과 난방을 관리했나요?,5
세종이 어떤 형벌을 강화하여 사회기강을 확립했는지 궁금해요,5
세종은 어떤 형벌을 강화하여 사회기강을 확립했나요?,5
세종이 전세제도를 확립하기 위해 한 노력이 궁금해요,5
세종은 어떻게 전세제도를 확립하기 위해 노력했나요?,5
세종대왕이 편찬한 법전이 궁금해요,5
세종이 편찬한 법전이 궁금해요,5
세종이 어떤 법전은 편찬하였는지 설명해주세요,5
세종대왕은 어떤 법전을 편찬하셨나요?,5
세종대왕이 어떤 법전을 편찬했는지 설명해줘,5
세종이 어떤 법전을 편찬했는지 궁금해요,5
세종대왕은 어떤 법전을 편찬했어?,5
세종이 어떤 법전을 편찬했는지 알려줘,5
세종은 어떤 법전을 편찬하였나요?,5
세종이 시행한 형벌정비와 흠휼정책이 궁금해요,5
세종은 어떤 형벌 정비와 흠휼정책을 시행했나요?,5
세종은 어떻게 공법을 제정하여 전세제도를 확립했는지 궁금해요,5
세종은 어떻게 공법을 제정하여 전세제도를 확립했나요?,5
세종은 옥내의 위생과 난방을 어떻게 관리하여 병들어 사망하는 일을 예방했는지 궁금해요,5
세종은 어떻게 옥내의 위생과 난방을 관리하여 병들어 사망하는 일을 예방했나요?,5
세종은 절도범에 대해 어떤 형벌을 정했는지 궁금해요,5
세종은 어떤 절도범에 대해 어떤 형벌을 정하였나요?,5
세종은 공법 제정을 통해 어떤 전세제도를 확립했는지 궁금해요,5
세종은 공법 제정을 통해 어떤 전세제도를 확립하였나요?,5
어떻게 법제적 측면을 강화하고 정비했는지 알려주세요,5
세종대에서는 어떻게 법제적 측면을 강화하고 정비했나요?,5
법전의 정비에 어떤 기여를 했는지 알려주세요,5
세종이 법전의 정비에 어떻게 기여했나요?,5
어떤 형벌제도를 정비하고 흠휼정책을 시행했는지 알려주세요,5
세종은 어떤 형벌제도를 정비하고 흠휼정책을 시행했나요?,5
어떻게 공법을 제정하여 전세제도를 확립했는지 궁금해요,5
세종은 어떻게 공법을 제정하여 전세제도를 확립했나요?,5
세종이 완성한 법전에 대해 알려주세요,5
세종대왕이 완성한 법전은?,5
세종대왕이 완성한 법전이 궁금해요,5
세종대왕이 완성한 법전으로는 무엇이 있나요?,5
세종대왕이 완성한 법전에 대해 알려줘,5
세종이 완성한 법전울 알려줘,5
세종이 완성한 법전은 무엇이 있나요?,5
형벌제도를 어떻게 정비하였는지 알려주세요,5
세종은 형벌제도를 어떻게 정비하였나요?,5
세종이 법전 정비를 위해 어떻게 노력했는지 알려주세요,5
세종이 법전 정비를 위해 어떤 노력을 기울였나요?,5
세종이 형벌제도와 흠휼정책에 어떤 변화를 주었는지 궁금해요,5
세종은 형벌제도와 흠휼정책에 어떤 변화를 주었나요?,5
세종이 조선의 전세제도를 어떻게 확립하였는지 궁금해요,5
세종은 공법을 어떻게 제정하여 조선의 전세제도를 확립하였나요?,5
주요 법전에 대해 알려주세요,5
주요 법전은?,5
주요 법전으로는 무엇이 있나요?,5
주요 법전에는 뭐가 있어?,5
주요 법전을 알려줘,5
세종대에서 완성한 주요 법전은 무엇인가요?,5
세종은 형벌제도를 어떻게 정비했어?,5
세종대왕이 형벌제도를 어떻게 정비했어?,5
형벌제도를 어떻게 정비했는지 궁금해요,5
세종대에서 형벌제도를 어떻게 정비했나요?,5
공법을 제정한 이유를 알려주세요,5
세종대에서 공법을 제정한 이유는 무엇이었나요?,5
어떤 법전을 편찬했는지 궁금해요,5
어떤 법전을 편찬했어?,5
어떤 법전을 편찬했는지 궁금해,5
법전에 대해 알려주세요,5
세종대에서는 어떤 법전을 편찬하였나요?,5
형벌제도 정비와 흠휼정책에 대해 자세히 알려주세요,5
세종대왕이 어떻게 형벌제도를 정비하고 흠휼정책을 시행했는지 알려주세요,5
세종은 형벌제도를 어떻게 정비하고 흠휼정책을 시행했나요?,5
전세제도 확립에 대해 설명해주세요,5
전세제도 확립에 대해 알려주세요,5
세종은 어떤 공법을 제정하여 전세제도를 확립하였나요?,5
세종대에서는 어떻게 법전의 정비를 진행하였나요?,5
세종대에서는 어떤 형벌제도를 정비하고 흠휼정책을 시행했나요?,5
세종이 법전 정비를 위해 어떤 작업을 진행했나요?,5
세종이 형벌제도와 흠휼정책을 어떻게 정비했나요?,5
세종이 공법을 어떻게 제정하고 전세제도를 확립했나요?,5
세종대에서 편찬된 법전은 어떤 것들이 있나요?,5
세종대에서는 어떻게 형벌제도를 정비하고 흠휼정책을 시행했나요?,5
세종이 법전 정비를 위해 어떤 노력을 기울였나요?,5
세종은 어떻게 형벌제도와 흠휼정책을 정비했어?,5
세종은 어떻게 형벌제도와 흠휼정책을 정비했나요?,5
세종대왕은 형벌제도와 흠휼정책을 어떻게 정비했어?,5
세종대왕이 형벌제도와 흠휼정책을 어떻게 정비했는지 알려주세요,5
세종이 형벌제도와 흠휼정책을 어떻게 정비했나요?,5
세종대왕이 공법을 제정한 이유를 알려주세요,5
세종이 공법을 제정한 이유는?,5
세종대왕이 공법을 제정한 이유가 무엇인지 궁금해요,5
세종이 공법을 제정한 이유를 설명해주세요,5
세종이 공법을 제정한 이유는 무엇인가요?,5
세종대왕이 공법을 제정한 이유는 뭔가요?,5
세종대왕이 공법을 제정한 이유를 설명해줘,5
세종대왕이 공법을 제정한 이유는 뭐야?,5
세종이 공법을 제정한 이유는 무엇이었나요?,5
세종대에서는 어떻게 법전의 정비를 진행했나요?,5
세종대에서는 어떻게 형벌제도를 정비하고 흠휼정책을 시행했나요?,5
세종대에서는 어떻게 공법을 제정하여 전세제도를 확립했나요?,5
세종대왕이 어떤 목적으로 육전수찬색을 설치하고 법전 정비에 참여했는지 궁금해,5
세종은 어떤 목적으로 육전수찬색을 설치하고 법전의 정비에 참여했나요?,5
세종이 형벌제도를 어떻게 정비하고 흠휼정책을 시행했나요?,5
세종이 공법을 제정한 이유는 무엇이었는지 궁금해요,5
세종이 공법을 제정하기 위해 어떤 과정을 거쳤나요?,5
세종대에서는 어떤 법전을 편찬하고 완성했나요?,5
세종대에서는 형벌제도를 어떻게 정비하였나요?,5
세종대에서는 어떻게 공법을 제정하여 전세제도를 확립하였나요?,5
세종대에서는 어떤 법전들을 편찬하고 완성했나요?,5
세종대에서는 형벌제도와 흠휼정책을 어떻게 정비하였나요?,5
세종대에서는 어떻게 공법을 제정하였고 어떤 업적을 남겼나요?,5
세종은 어떤 법전을 편찬하고 완성했나요?,5
세종은 형벌제도를 어떻게 정비하고 흠휼정책을 시행했나요?,5
세종은 어떻게 공법을 제정하여 전세제도를 확립하였나요?,5
세종대는 어떤 법제적 측면에서 유교적 민본주의와 법치주의를 강화하였나요?,5
어떤 형벌정책을 시행했는지 설명해주세요,5
세종대에서는 어떤 형벌정책을 시행하였나요?,5
세종대에서는 어떤 공법을 제정하여 전세제도를 확립하였나요?,5
세종대에서 법제적 측면에서 어떤 변화와 강화가 있었나요?,5
형벌제도를 어떻게 정비했는지 알려줘,5
세종이 형벌제도를 어떻게 정비했나요?,5
세종이 공법을 제정한 이유는 무엇이었나요?,5
세종이 법전의 정비에 힘을 기울인 이유는 무엇이었나요?,5
세종이 완벽한 속육전을 편찬한 이유가 궁금해요,5
세종대왕이 완벽한 속육전을 편찬한 이유는 뭔가요?,5
세종대왕이 완벽한 속육전을 편찬한 이유를 알려주세요,5
완벽한 속육전을 편찬한 이유는?,5
세종대왕이 완벽한 속육전을 편찬한 이유는 뭐야?,5
세종이 완벽한 속육전을 편찬한 이유를 알려줘,5
세종대왕이 완벽한 속육전을 편찬한 이유가 뭐야?,5
세종이 완벽한 『속육전』을 편찬한 이유는 무엇이었나요?,5
세종이 형벌제도를 정비한 이유는 무엇이었나요?,5
세종이 흠휼정책을 시행한 이유는 무엇이었나요?,5
세종이 조선의 전세제도 확립에 기여한 업적은?,5
세종대왕이 조선의 전세제도 확립에 기여한 업적은 무엇이었는지 알려줘,5
세종이 조선의 전세제도 확립에 기여한 업적은 무엇이었나요?,5
세종대왕이 답험손실법을 전폐한 이유는?,5
답험손실법을 전폐한 이유를 설명해주세요,5
답험손실법을 전폐한 이유를 알려줘,5
세종이 답험손실법을 전폐한 이유는 무엇이었나요?,5
세종이 공법을 확정한 과정은 어떻게 진행되었나요?,5
세종이 법률 개정에서 어떤 원칙을 고려했나요?,5
세종의 형법 개정에서 어떤 사항이 변경되었나요?,5
세종의 법제적 업적은 조선 사회에 어떤 영향을 미쳤나요?,5
세종은 어떤 법전의 정비에 힘을 기울였나요?,5
세종은 어떤 형벌제도를 정비하고 흠휼정책을 시행했나요?,5
어떤 사람들에게는 수금이 제한되었나요?,5
세종은 어떤 조옥도를 반포하고 옥수들의 생활 환경을 개선했나요?,5
세종은 어떤 법을 제정하여 전세제도를 확립했나요?,5
세종은 어떤 법을 폐하고 대체할 계획을 가지고 있었나요?,5
세종이 어떤 법을 통해 형벌을 강화했나요?,5
세종대왕이 어떤 법을 통해 형벌을 강화하였는지 알려줘,5
세종은 어떤 법을 통해 형벌을 강화하였나요?,5
세종대왕의 법제정에 어떤 학자들이 참여했는지 알려주세요,5
세종의 법제정에는 어떤 학자들이 참여하였나요?,5
세종의 형정 개선 정책에는 어떤 내용이 포함되었나요?,5
세종의 법제정 업적은 어떤 영향을 미쳤나요?,5
세종대의 법제적 측면에서의 주요 업적은 무엇인가요?,5
세종대에서 형벌제도와 관련하여 어떤 정책을 시행했나요?,5
세종대에서 공법 제정에 어떤 역할을 했나요?,5
세종대에서 옥내의 위생과 관련하여 어떤 조치를 취했나요?,5
세종대에서 어떤 법률을 통해 농민에게 혜택을 주었나요?,5
세종대에서는 어떤 형법을 정하여 절도범을 처벌했나요?,5
세종대에서는 어떤 조치를 통해 옥내의 위생을 개선했나요?,5
세종대에서는 어떤 조약을 통해 형법을 정비하였나요?,5
세종대에서는 어떤 정책을 통해 법치주의를 강화했나요?,5
세종대에서는 어떤 조약을 통해 형벌을 조정하였나요?,5
세종이 어떤 법제적 개혁을 이루었는지 궁금해요,5
세종대왕이 어떤 법제적 개혁을 이루었는지 알려주세요,5
세종대왕은 어떤 법제적 개혁을 이루었어?,5
세종은 어떤 법제적 개혁을 이루었나요?,5
세종의 법전 편찬의 목표가 뭐야?,5
세종의 법전 편찬 목표에 대해 알려줘,5
세종대왕의 법전 편찬의 목표가 궁금해,5
세종대왕 법전 편찬의 목표가 뭐야?,5
세종대왕 법전 편찬의 목표에 대해서 알려줘,5
세종의 법전 편찬의 목표가 궁금해요,5
세종은 어떤 법전의 편찬을 목표로 했나요?,5
세종은 형벌제도를 어떻게 정비했나요?,5
세종은 어떤 인구에게 형벌을 제한했나요?,5
세종은 어떤 범죄에 대해 형벌을 강화했나요?,5
세종은 옥내의 위생과 난방을 어떻게 관리했나요?,5
세종은 어떤 법을 제정하여 전세제도를 확립했나요?,5
세종대왕의 법제적 개혁은 어떤 업적으로 남았는지 궁금해요,5
세종의 법제적 개혁은 어떤 업적으로 남았나요?,5
세종의 법제적 개혁은 어떻게 유교적 민본주의와 법치주의를 강화했나요?,5
세종의 법제적 개혁은 조선 사회에 어떤 영향을 미쳤나요?,5
세종의 법제적 개혁은 조선시대 세법의 기반이 되었나요?,5
세종대왕이 어떻게 형벌제도를 개선했어?,5
세종이 어떻게 형벌제도를 개선했는지 궁금해,5
세종대왕이 어떻게 형벌제도를 개선했나요?,5
세종은 형벌제도를 어떻게 개선했어?,5
세종이 어떻게 형벌제도를 개선했는지 알려주세요,5
세종대왕이 형벌제도를 어떻게 개선했는지 궁금해,5
세종이 형벌제도를 어떻게 개선했나요?,5
공법을 제정한 이유가 뭐야?,5
공법을 제정한 이유가 있다면?,5
공법을 제정한 이유를 알려주세요,5
공법 제정 이유가 궁금해요,5
세종이 공법을 제정한 이유는?,5
세종대왕이 공법을 제정한 이유가 있나요?,5
세종이 공법을 제정한 이유가 궁금해,5
세종대왕이 공법을 제정한 이유를 설명해주세요,5
세종이 공법을 제정한 이유가 있을까요?,5
세종대왕이 공법을 제정한 이유가 궁금해요,5
세종이 공법을 제정한 이유는 무엇인가요?,5
공법 제정을 위한 세종의 노력이 궁금해요,5
세종이 공법 제정을 위해 무슨 노력을 했는지 알려주세요,5
세종대왕이 공법 제정을 위해 어떤 노력을 했나요?,5
공법 제정을 위해 세종대왕이 한 노력은?,5
공법 제정을 위해 세종은 무슨 노력을 했나요?,5
공법 제정을 위해 세종은 무슨 노력을 했는지 궁금해요,5
세종은 공법 제정을 위해 어떤 노력을 했나요?,5
세종대왕이 공법 제정을 위해 어떤 노력을 했는지 알려주세요,5
세종대왕이 공법 제정을 위해 한 노력을 알려줘 ,5
세종이 공법 제정을 위해 한 노력은?,5
세종대왕이 공법 제정을 위해 무엇을 했나요?,5
세종이 공법 제정을 위해 어떤 노력을 기울였나요?,5
세종대왕의 법제적 개혁이 어떤 영향을 미쳤는지 알려주세요,5
세종의 법제적 개혁은 어떤 영향을 미쳤는지 설명해주세요,5
세종의 법제적 개혁은 어떤 영향을 미쳤는지 궁금해요,5
세종대왕의 법제적 개혁은 어떤 영향을 미쳤어?,5
세종의 법제적 개혁은 어떤 영향을 미쳤나요?,5
세종은 어떤 사회적 문제에 대해 법제적 개선을 시도했는지 궁금해요,5
세종대왕은 어떤 사회적 문제에 대해 법제적 개선을 시도했나요?,5
세종대왕이 어떤 사회적 문제에 대해 법제적 개선을 시도했는지 알려주세요,5
세종은 어떤 사회적 문제에 대해 법제적 개선을 시도했나요?,5
세종대왕에게 배울점은 어떤게 있을까?,6
세종 치세가 우리 역사에서 어떤 의의를 가져?,6
세종이 대왕이라고 불리는 위대한 업적을 남기 수 있었던 이유는 무엇일까?,6
세종이 대왕이라는 칭호를 얻은 이유는?,6
세종대왕이 대왕으로 불리는 이유는?,6
세종이 대왕으로 불리는 이유가 궁금해,6
세종이 세종대왕으로 불리는 이유가 있어?,6
세종이 어떤 의의를 남겼는지 알려주세요,6
세종대왕이 우리 역사에 큰 의의를 남겼어?,6
세종이 우리 역사에 남긴 의의가 뭐야?,6
세종대왕이 우리 역사에 남긴 의의에 대해 알려줘,6
세종이 우리나라 역사에 부여한 역사적 의의는?,6
세종대왕이 우리 역사에서 가지는 역사적 의의에 대해 알려줘,6
세종때가 모든 분야에서 크게 융성한 이유가 뭘까?,6
세종대가 역사적으로 가장 중요한 시기일 수 있었던 것은 무엇때문인가요?,6
세종대왕이 신하와 학자들의 보필을 받을 수 있었던 것은 무엇 때문인가요?,6
세종대왕이 우리 역사에 큰 의의를 남겼어?,6
세종이 우리 역사에 남긴 의의가 뭐야?,6
세종이 우리 역사에 남긴 의의가 뭐야?,6
세종대왕이 우리 역사에 남긴 의의에 대해 알려줘,6
세종이 우리나라 역사에 부여한 역사적 의의는?,6
세종대왕이 우리 역사에서 가지는 역사적 의의에 대해 알려줘,6
세종때가 모든 분야에서 크게 융성한 이유가 뭘까?,6
세종대가 역사적으로 가장 중요한 시기일 수 있었던 것은 무엇때문인가요?,6
세종대왕이 신하와 학자들의 보필을 받을 수 있었던 것은 무엇 때문인가요?,6
세종대왕이 우리 역사에 큰 의의를 남겼어?,6
세종이 우리 역사에 남긴 의의가 뭐야?,6
세종대왕이 우리 역사에 남긴 의의에 대해 알려줘,6
세종이 우리나라 역사에 부여한 역사적 의의는?,6
세종대왕이 우리 역사에서 가지는 역사적 의의에 대해 알려줘,6
세종때가 모든 분야에서 크게 융성한 이유가 뭘까?,6
세종대가 역사적으로 가장 중요한 시기일 수 있었던 것은 무엇때문인가요?,6
세종대왕이 신하와 학자들의 보필을 받을 수 있었던 것은 무엇 때문인가요?,6
세종대왕이 역사에 남긴 역사적 의의가 무엇인가요?,6
세종에게 배울점을 알려줘,6
세종대왕에게 배울점을 알려주세요,6
세종대왕에게 배울점은 무엇이 있을까요?,6
세종대왕에게 배울점이 무엇이 있을지 알려주세요,6
세종에게 배울점은?,6
세종에게 배울점은 뭐가 있을까?,6
세종대왕에게 배울점은 무엇이 있을까요?,6
세종대왕에게 배울점이 무엇이 있을지 알려주세요,6
세종에게 배울점을 알려줘,6
세종대왕에게 배울점을 알려주세요,6
세종대왕에게 배울점은 무엇이 있을까요?,6
세종대왕에게 배울점이 무엇이 있을지 알려주세요,6
세종에게 배울점은?,6
세종에게 배울점은 뭐가 있을까?,6
세종대왕에게 배울점은 무엇이 있을까요?,6
세종대왕에게 배울점이 무엇이 있을지 알려주세요,6
세종에게 배울점은?,6
세종에게 배울점은 뭐가 있을까?,6
세종에게 배울점은 무엇이 있을까?,6
세종대왕에게 배울점을 알려줘,6
세종때 조선이 부흥할 수 있었던 여러가지 요인을 알려줘,6
세종의 사람됨이 어떤 조건들과 조화되어 빛나는 민족문화 건설에 기여했나요?,6
세종대가 빛나는 시대가 될 수 있었던 이유는 무엇인가요?,6
세종대의 신하와 학자들은 어떤 역할을 했나요?,6
세종을 정치적으로 지원했던 신하와 학자들의 역할에 대해 알려줘,6
세종대왕과 함께 한 신하와 학자들의 역할이 궁금해,6
세종이 함께 했던 신하와 학자들은 어떤 일을 수행했나요?,6
세종의 정치적 파트너들은 어떤 일을 주로 했어?,6
세종대는 어떤 가치와 신념을 가지고 있었나요?,6
세종이 가졌던 신념에 대해 알려줘,6
세종이 가지고 행했던 신념이 있나요?,6
세종대왕과 함께 한 신하와 학자들의 역할이 궁금해,6
세종이 함께 했던 신하와 학자들은 어떤 일을 수행했나요?,6
세종의 정치적 파트너들은 어떤 일을 주로 했어?,6
세종대는 어떤 가치와 신념을 가지고 있었나요?,6
세종이 가졌던 신념에 대해 알려줘,6
세종이 가지고 행했던 신념이 있나요?,6
세종대왕이 가졌던 신념에 대해 알려줘,6
세종대왕의 신념에 대해 알려주세요,6
세종대의 신하와 학자들은 어떤 역할을 했나요?,6
세종을 정치적으로 지원했던 신하와 학자들의 역할에 대해 알려줘,6
세종대왕과 함께 한 신하와 학자들의 역할이 궁금해,6
세종이 함께 했던 신하와 학자들은 어떤 일을 수행했나요?,6
세종의 정치적 파트너들은 어떤 일을 주로 했어?,6
세종대는 어떤 가치와 신념을 가지고 있었나요?,6
세종이 가졌던 신념에 대해 알려줘,6
세종이 가지고 행했던 신념이 있나요?,6
세종대왕이 가졌던 신념에 대해 알려줘,6
세종대왕과 함께 한 신하와 학자들의 역할이 궁금해,6
세종이 함께 했던 신하와 학자들은 어떤 일을 수행했나요?,6
세종의 정치적 파트너들은 어떤 일을 주로 했어?,6
세종대는 어떤 가치와 신념을 가지고 있었나요?,6
세종이 가졌던 신념에 대해 알려줘,6
세종이 가지고 행했던 신념이 있나요?,6
세종대왕이 가졌던 신념에 대해 알려줘,6
세종대왕의 신념에 대해 알려주세요,6
세종의 신념이 궁금해요,6
세종대왕의 신념에 대해 설명해줘,6
세종의 신념이 뭐야?,6
세종대왕 신념에 대해 설명해주세요,6
세종대왕의 신념이 뭐야?,6
세종대왕의 신념이 궁금해요,6
세종대왕이 가지고 행했던 신념이 있다면 알려주세요,6
세종대왕의 신념에 대해 알려줘,6
세종대왕의 신념은?,6
세종이 가졌던 신념에 대해 알려주세요.,6
12시 땡!,7
3박4일 놀러가고 싶다,7
3박4일 정도 놀러가고 싶다,7
SD카드 망가졌어,7
SD카드 안돼,7
SNS 시간낭비인 거 아는데 매일 하는 중,7
SNS 시간낭비인데 자꾸 보게됨,7
SNS보면 나만 빼고 다 행복해보여,7
가끔 궁금해,7
가끔 뭐하는지 궁금해,7
가끔은 혼자인게 좋다,7
가난한 자의 설움,7
가만 있어도 땀난다,7
가스불 켜고 나갔어,7
가스불 켜놓고 나온거 같아,7
가스비 너무 많이 나왔다.,7
가스비 비싼데 감기 걸리겠어,7
가스비 장난 아님,7
가장 확실한 건 뭘까?,7
간만에 떨리니까 좋더라,7
간만에 쇼핑 중,7
간만에 휴식 중,7
간식 뭐 먹을까,7
간식 추천,7
간장치킨 시켜야지,7
간접흡연 싫어,7
갈까 말까 고민 돼,7
갈까 말까?,7
감 말랭이 먹고 싶다.,7
감 말랭이 먹어야지,7
감기 같애,7
감기 걸린 것 같아,7
감기 기운이 있어,7
감기 들 거 같애,7
감기가 오려나,7
감기약이 없어,7
감기인거 같애,7
감미로운 목소리 좋아,7
감정이 쓰레기통처럼 엉망진창이야,7
감정컨트롤을 못하겠어,7
감정컨트롤이 안돼,7
감히 나를 무시하는 애가 있어,7
갑자기 나쁜 생각이 막 들더라,7
갑자기 눈물 나,7
갑자기 물어봐서 당황했어,7
강렬한 첫인상 남겨야 하는데,7
강아지 키우고 싶어,7
강아지 키우고 싶은데 역시 안돼겠지,7
강아지 키울 수 있을까,7
강아지 키울까,7
강원도 가서 살까?,7
같이 게임하자고 해도 되나?,7
같이 놀러갈 친구가 없어,7
같이 먹었는데 나만 살찐 거 같아,7
같이 수영장 가기로 했어,7
같이 있으면 힘든데 붙잡고 싶어,7
같이 피씨방 가자고 해볼까?,7
같이 할 수 있는 취미 생활 뭐 있을까,7
개강룩 입어볼까,7
개강옷 예쁘게 입어 볼까,7
개강이다,7
개강이라니,7
개념도 놓고 옴,7
개념이 없어,7
개인적인 업무까지 다 시켜,7
개인적인 일도 다 시켜,7
개학하니까 좋다,7
걔 너무 싫다,7
걔는 누굴 닮아서 그런거니?,7
걔랑 같은 반 됐으면 좋겠다,7
거지 같이 일해 놓고 갔어,7
거지됐어,7
거짓말 했어,7
거짓말을 나도 모르게 자꾸 해,7
거짓말을 하게 돼,7
거짓말이 거짓말을 낳아,7
걱정 없이 살고파,7
걱정 좀 없이 살고 싶다.,7
건강 관리,7
건강 빨리 회복해야지,7
건강검진 왔어,7
건강검진하러 옴,7
건강이 최고,7
건강이 최고인 것 같아,7
건강하게 다이어트 하는 방법,7
건강한 다이어트법,7
건물주 되고싶어,7
건물주가 짱인데,7
건방져,7
건조기 살까봐,7
건조하네,7
걸레질도 해야 돼,7
걸어 가고 있는데 깜깜해서 무서워,7
겁난다,7
게으른 동료가 있어,7
게임 같이 하자고 할까?,7
게임 때문에 시간 다갔어,7
게임 때문에 폰이 점점 느려지는듯,7
게임 재미있어.,7
게임 지겨워,7
게임도 이제 재미없어,7
게임하고 싶어,7
게임하다 시간 다갔어,7
겨울 지나 봄이야,7
겨울에는 온천이지!,7
겨울이 가고 봄이 올거야,7
격려 좀 해줘,7
격려가 필요해.,7
견과류 챙겨 먹어야지.,7
결국 이런 운명이라니 슬프다,7
결정 못하겠어.,7
결정은 빠르면 빠를 수록 좋겠지?,7
결정은 빠를수록 좋겠지?,7
결정적인 물증이 없어,7
경쟁이 너무 치열해,7
계속 공부해도 될까,7
계속 도전하는 거 귀찮아,7
계속 방학이면 좋을텐데,7
계속 보고 싶어,7
계속 보고 싶으면 어떡해?,7
계속 속이 진짜 안 좋아,7
계속 엇갈리는 느낌,7
계속 학생하고 싶어,7
계속 한숨만 나와,7
고3은 공부만 해야겠지.,7
고3이니까 공부해야겠지,7
고구마 다이어트 해야지,7
고구마만 먹고 다이어트 해야지,7
고기 구워 먹고 싶다.,7
고기 먹고 싶어,7
고데기 망했어,7
고데기 했는데 망했어,7
고독한 밤,7
고마운 사람들이 많아,7
고민 있어,7
고민 좀 들어줄래,7
고양이 동영상 보는 중,7
고양이 키우고 싶어,7
고의는 아닌데 실수를 한 거 같아,7
고집 센 사람,7
고집하고는,7
곱창 먹고 싶어.,7
곱창 생각나,7
공복이라 신경이 예민해져,7
공복이라 예민해,7
공복이면 예민함?,7
공부 계속해도 될까,7
공부 꼭 해야 할까,7
공부 때려치워야 하나,7
공부 시작해도 될까,7
공부 왜 해야 돼?,7
공부 잘 안돼,7
공부 잘하고 싶어,7
공부 좀 더 할 걸,7
공부 하기 싫다,7
공부는 내 체질이 아닌 것 같아,7
공부로 먹고 살 수 있을까,7
공부방법이 잘못된걸까?,7
공부하기 싫어,7
공부하기 싫은 날,7
공부하는 낙이 없어,7
공부하는 이유?,7
공부하는 이유가 없어,7
공연 보고 싶어,7
공연 보러 가고 싶어,7
공책 필기 나만 힘들어?,7
공황장애 생겼어.,7
공황장애 있어,7
공휴일에는 집이 최고,7
공휴일에는 집콕,7
과식해서 소화가 안돼,7
과식했나 봐,7
과식했다,7
과일 먹고 자야지,7
과일 먹어야지.,7
과일 안 먹게 돼,7
과일 잘 안 먹게 돼,7
과일 챙겨 먹어야지,7
관심 끄라고 하고 싶다.,7
관심 좀 안 가졌으면,7
광고가 안 끝나,7
괜찮아지고 있어,7
괜히 건들지 말라고,7
괜히 기다렸어,7
괜히 농담해서 망했다,7
괜히 아까운 시간 버렸다,7
괜히 창피해,7
괴물이 되어 가는 느낌이 들어,7
구박하면서 엄청 일 시켜,7
굿모닝,7
궁금하면 오백원,7
궁금하지?,7
궁금해,7
궁금해 알려줘,7
귀 아파,7
귀가 가려워,7
귀가 간지러,7
귀가 윙윙거려,7
귀농 어때?,7
그 시절엔 다 그랬지,7
그냥 고백할걸,7
그냥 공무원이 좋을 듯,7
그냥 내버려 둬 주었으면,7
그냥 선 볼까?,7
그냥 쉬고 싶다,7
그냥 이렇게 살고 싶어,7
그냥 자는 거 아니지?,7
그냥 잘못했다고 하면 될거 같은데 자꾸 변명해,7
그냥 택시 타야지.,7
그냥 할까?,7
그냥 혼자 밥이나 먹어야지,7
그냥 혼자 있는게 좋아,7
그동안 잘 지냈나요?,7
그땐 그랬지,7
그래 그러자,7
그래 이제 결정했어,7
그래도 좀 기대했는데,7
그런 말을 왜 하지,7
그런 사람인가보다 해야하나봐,7
그런 사람인갑다 해야지,7
그런 친구 아니었는데 너무 귀찮게 하네,7
그렇게 갈 거면서,7
그렇게 오래 살았는데도 이해를 못하겠어,7
그렇게 할래,7
그림 잘 그리고 싶다,7
그림 좀 잘 그렸으면 좋겠다,7
그만 두고 나오고 싶어,7
그만 먹어야 하는데,7
그만 살고싶어,7
그저 그런 하루,7
근사한 곳 알아 냈어,7
근육 있으면 멋있을텐데,7
금값 알아?,7
금값 어때,7
금사빠인가,7
금수저 물고 태어나면 좋겠지?,7
금수저로 태어났으면,7
금수저로 태어났으면 좋았을텐데,7
금연이 쉽지 않아,7
기 빨렸어,7
기능 좀 알려줘봐봐,7
기다리는 것도 지쳐,7
기다리라고 말 못하겠어,7
기다림이 습관이 됐나봐,7
기대가 무너졌어,7
기대가 부담스러운데 떨쳐낼 수 있는 방법 있을까?,7
기대하고 있었는데,7
기대하지 말걸,7
기대했는데,7
기댈 수 있는 사람,7
기력이 없어,7
기름값 올랐어.,7
기본이 뭔지도 모르는 것 같아.,7
기본이 안 되어 있어,7
기부 좀 했어요,7
기부했어,7
기분 꿀꿀해,7
기분 나쁜 농담을 계속하고 있어,7
기분 울적해서 좀 걷고 있어,7
기분 전환 하고 싶어,7
기분 전환이 필요해,7
기분이 그지 같아,7
기분이 더러워,7
기분이 묘해,7
기분이 이상해,7
기숙사 괜찮을까,7
기숙사 떨어졌어,7
기숙사 사는거 어떨까?,7
기숙사 살면 불편해?,7
기숙사 안됐어,7
기술 배울까,7
기차 타고 여행 가고 싶어,7
기차여행 가고 싶어,7
기침도 못하겠어,7
기침도 편하게 못해,7
기프트콘 받았어!,7
기프트콘 선물 괜찮을까?,7
기프트콘 선물해볼까?,7
기프트콘 주면 좋아할까?,7
기프트콘으로 선물 받았어,7
기프트콘으로 선물 해야겠다,7
기회를 놓쳤어,7
기회를 못 잡았어,7
긴 시간이 걸렸지만 괜찮아.,7
긴장 푸는 법 알려줘,7
긴장돼,7
긴장돼서 땀나네,7
길에서 담배 피우는 사람 싫어,7
길은 멀고 해는 진다,7
길이 미끄러워서 미끄러질뻔했어,7
길이 안보여,7
길이 얼어서 미끄러질뻔했어,7
길이 얼었어,7
김떡순 먹고 싶어.,7
김치도 없네,7
김치볶음밥 먹어야지,7
김치볶음밥이나 만들어 먹어야지,7
김치찌개 먹고 싶어,7
깜깜한데 전기 안들어오네,7
깡 마른 거 같아,7
꼴 사나워질 것 같은데,7
꽃 사고 싶어,7
꽃게탕 맛있다.,7
꽃게탕 진짜 밥도둑,7
꽃꽂이 배우는 중,7
꽃꽂이 배우니까 좋다,7
꽃놀이 가고 싶어,7
꽃다발 말려봐야지,7
꽃다발 말리면 에쁘겠지.,7
꽃다발 받았어,7
꽃다발 샀어,7
꽃다발 선물 괜찮지?,7
꽃다발 선물 받았어,7
꽃다발 선물 어때?,7
꽃다발 준비했어,7
꽃바구니 선물이랑 과일 바구니 선물 뭐가 좋아?,7
꽃바구니가 좋을까 과일바구니까 좋을까,7
꽃선물 받고 어,7
꿀잼,7
꿈은 많은데,7
꿈이 너무 많아,7
꿈이 너무 무서웠어,7
꿈이 다양해,7
꿈이 두 개야,7
꿈이 없어,7
꿈이 이루어질까?,7
꿈이 자꾸 바뀌어,7
꿈이 현실이었으면,7
끝나니까 허무하다,7
끝나면 좋을 줄 알았는데.,7
나 감정쓰레기통이었나봐,7
나 같은 사람은 동물 키우면 안되겠지,7
나 거짓말 못하겠어,7
나 결정 잘 한거지?,7
나 결정했어,7
나 괜찮지 않니,7
나 교직이수할 수 있을까?,7
나 그동안 뭐한거니,7
나 그지임,7
나 내일 기숙사 가야돼,7
나 내장비만이래,7
나 너무 못 생겼어,7
나 너무 소심해,7
나 노트북 사줘,7
나 놀려먹기 쉬운가?,7
나 누구게?,7
나 누락됐나봐,7
나 다른 거 할까,7
나 대충한 거 아닌데,7
나 뒷담화하는 애 어떻게 할까?,7
나 뒷담화하는 애 있다는데 어떻게 하지?,7
나 많이 기대했는데,7
나 말 실수한 거 같아.,7
나 맨날 속는 거 같아,7
나 머리 나쁜 듯,7
나 머리가 나뿐 것 같아,7
나 먼저 잘게,7
나 모르는게 왜 이렇게 많지,7
나 무시 당한 거 같아,7
나 무시하는 거 같아,7
나 무시하는 사람 어떻게 해?,7
나 무시하는 사람 짜증나,7
나 문제가 많은거 같아,7
나 뭐하는 거지,7
나 미팅한다!,7
나 바뀌고 싶어,7
나 바본인가 봄,7
나 백수야,7
나 버림 받은 거 같아,7
나 보이스피싱 당한 거 같은데 어떡해?,7
나 비만이야,7
나 사랑하니?,7
나 상 받는대!,7
나 새 옷 샀다,7
나 서류에서 광탈했어,7
나 속은 거 같아,7
나 속은듯,7
나 수학여행 간다,7
나 스마트폰 중독인가봐,7
나 승진했어,7
나 실수한건가,7
나 실수했나,7
나 아재인가,7
나 아직 어른 아닌 거 같아,7
나 아직도 애 같아.,7
나 어때?,7
날씨 왜 이렇게 춥냐,7
날씨 좀 풀린거 같아,7
날씨 좋은데,7
날씨 죽인다,7
날씨 짱 좋아,7
날씨 풀렸다,7
날씨가 너무 눅눅해,7
날씨가 너무 추워,7
날씨가 북극같아,7
날씨가 진짜 덥다,7
날아 가고 싶어,7
더워 죽겠다,7
더워더워,7
더워서 잠을 못자,7
더워서 죽을 것 같아,7
더워서 죽을 듯한 날씨야,7
덕질 중,7
덕질 하는 중,7
덜 싸우는 법,7
데려다 주느라 막차 놓침,7
데려다 주지도 않고,7
도대체 중간이 없어,7
도로가 얼었어,7
도서관 가서 공부해야지,7
도서관 가야지,7
도서관 앞자리 사람 괜찮다.,7
도서관 책 반납 안햇다,7
도서관에 책 빌리러 가려고,7
도서관에서 괜찮은 사람 봤어,7
도시락 싸가지고 가야지,7
도시락 싸가지고 다닐까,7
도시락 싸는 거 귀찮은데 사먹을까,7
도시락 싸볼까,7
도시락 싸봐야지,7
도시락 싸서 놀러 가고 싶어,7
도시락 싸서 피크닉 가고 싶어,7
도시락 싸옴,7
도시락 싸왔어,7
도와준 사람들 너무 고맙다.,7
도전하기 싫다,7
독감 같아,7
독박 육아 짜증나,7
독서 좀 해야겠어,7
독학하려니까 힘들어,7
돈 가지고 유세부려,7
돈 굴리기,7
돈 다 썼어,7
돈 다 어디 갔나,7
돈 다 어디 쓴지 모르겠네,7
돈 다 없어졌어,7
돈 많으면 좋겠지?,7
돈 많은 백수 하고 싶어,7
돈 많이 벌고 싶어,7
돈 많이 벌었으면 좋겠어,7
돈 모으고 싶어,7
돈 모으는 재미,7
돈 모으는 재미가 있네.,7
돈 버는 게 쉽지 않음,7
돈 버는 게 어렵구만.,7
돈 벌고 싶어,7
돈 벌고 싶어,7
돈 벌면 뭐하나,7
돈 벌어서 뭐하지,7
돈 빌려줬는데 연락 두절,7
돈 빌려줬는데 잠수탔어,7
돈 안드는 데이트 코스,7
돈 어디갔지,7
돈 없는데 투잡이라도 해야 할까,7
돈 없어,7
돈 없어도 갈 수 있는 데이트 코스,7
돈 없으면 결혼도 못하겠다.,7
돈 잃어버렸어,7
돈 좀 모아야 할텐데,7
돈 좀 빌려줘,7
돈 쥐꼬리만큼 가지고 유세부리는 꼴이라니,7
돈없이 결혼하기 가능?,7
돈은 어떻게 모으는 거임,7
돈이 똑 떨어짐,7
돈이 안 모여,7
돈이 엄떠,7
드디어 데이트인데 뭐하지,7
드디어 봄이 오나봐,7
딴 거 뭐 할 줄 알아?,7
딴 일 찾아볼까,7
딸기 먹고 싶다.,7
딸기 먹어야지,7
딸기 먹을래,7
딸기 뷔페 가고 싶어,7
딸기가 너무 먹고 싶어.,7
딸기가 좋아,7
땅 사면 좋겠다.,7
땅이나 살까,7
때려 치고 싶다,7
떠나요~ 제주도~,7
떡볶이 먹고 싶다,7
떨리나봐,7
떨어뜨려서 핸드폰 액정 나갔어,7
또 개강이라니,7
또 개강이야,7
머리 기름낀거 티나나?,7
머리가 좀 아프다.,7
먹을 거 하나도 없어,7
뭐 먹을 거 없나,7
뭐 먹을까?,7
뭐 먹지?,7
뭐 물어 볼까,7
뭐 볼까?,7
뭐 이렇게 쉬운 게 없지,7
뭐 입고 가지?,7
뭐 입고 나가지?,7
뭐 입지?,7
뭐 좀 먹을까?,7
뭐 좀 배워볼까봐,7
뭐 하는지 궁금해,7
뭐 할줄 알아,7
뭣이 중한지 모르겠어,7
미끄러질 뻔했어,7
미드 보고싶다,7
미래에 대한 고민,7
미세먼지 나쁨인가,7
미세먼지 때문에 짜증나,7
미세먼지 또 나쁨,7
미세먼지 심하대,7
미세먼지 지수 뭐야?,7
미세먼지 지수 어떻대?,7
미세먼지 최악인데,7
미세먼지가 너무 많아,7
미세먼지가 너무 많아. 하늘이 뿌옇다.,7
미세먼지가 너무 많아서 짜증나,7
미용실 가서 머리해야지,7
미용실 가야지,7
미용실 갔다왔는데 티가 안 나,7
미용실에서 너무 티 안 나게 머리를 잘라줬어,7
미운 짓만 해,7
미워,7
미워한다,7
미친 사람들이 너무 많아,7
미친듯이 덥다,7
믿는 게 아니었어,7
믿지 말껄,7
밉다 진짜,7
바나나 먹고 싶다.,7
바나나 먹어야지,7
바나나가 좋아,7
바다 가자고 하면 갈까?,7
바다 놀러가고 싶다,7
바다 놀러가자고 해볼까?,7
바다 보러 가자고 말해야겠다.,7
바다 보러 가자고 해볼까,7
바다가 가고 싶어요,7
바라는게 없어,7
바라는게 없어,7
바람 많이 부네,7
바람 분다,7
밤에 잠이 안 와,7
밥 너무 많이 남음,7
밥 너무 많이 함,7
밥 먹다 옷에 흘렸어,7
밥 먹다 흘렸어,7
밥 먹어야지,7
밥 먹었는데 배고파,7
밥 먹었는데도 또 배고파,7
밥 먹었니,7
밥 먹었어?,7
밥 뭐 먹을까,7
밥 탔다,7
밥 태웠어,7
밥먹자.,7
밥벌이 뭐하나,7
밥생각이 없어,7
밥이 없어,7
밥이나 먹자,7
방들이 귀찮아,7
방들이 준비 뭐하지?,7
방법도 안 말해주고 그냥 열심히 하래,7
방심하는게 아니었어,7
방에 먼지가 한가득,7
방탈출 게임 갔다왔어.,7
방탈출 게임 했어,7
방학 끝나서 좋아,7
방학 안 끝났으면 좋겠다,7
방학에 만날 사람이 없네,7
방학은 너무 심심해,7
방학이 끝났다니,7
방학이 있었으면 좋겠어,7
방학이 있었으면.,7
방학이 필요해,7
방학인데 집에만 있어.,7
방학했더니 심심해,7
배 아파서 기분이 안 좋아,7
배 아프다,7
배 터지겠다.,7
배가 넘넘 고파,7
배고파,7
배고파 죽을 것 같아 힘이 없어,7
배고파서 일어났어,7
배고파서 자다 깼어,7
배고파서 힘이 없어,7
배고프다.,7
배고프당,7
배고프면 예민함?,7
배고픈 거 같아,7
배달 중이래,7
배부르고 졸려,7
배부르니 졸리다,7
배불러,7
배불러서 배 터질 듯,7
배송 중이래,7
배에서 꾸룩꾸룩 소리 남,7
배에서 소리 남,7
배워도 모르는 게 너무 많아,7
배터리 간당간당,7
벚꽃이 너무 예뻐,7
베란다 좀 가꿔볼까,7
베란다도 꾸미니까 예쁘더라.,7
베란다에 뭐 심어볼까,7
베터리 15%야,7
베터리 겨우 15%야,7
베터리 충전기도 안 가져 왔네,7
베프랑 다툼,7
베프랑 싸움,7
벨이 울리는 걸 기다려,7
변기 막혔는데 아무 생각이 안 난다.,7
변기 막혔어,7
변명거리 생각해봐,7
볼링 치고 놀았어,7
볼링 치고 옴,7
봄날이 기대돼,7
봄방학이다!,7
봄방학했어,7
봄에 동물원 가는거 어때?,7
봄에 동물원 데이트 어때?,7
봄이 오긴 오나봐,7
봄이 왔어,7
봄이 왔으면 좋겠어,7
봄이다,7
봄인가봐,7
봉사도 하고 사랑을 베풀고 싶어,7
봉사활동 해볼까,7
봉사활동도 좀 해야 하는데,7
블루투스 이어폰 살까,7
블루투스 이어폰 편하겠지,7
비 맞아서 옷 젖었어,7
비 오기 시작하네,7
비 온다,7
비 와,7
비가 와서 눅눅해,7
비꼬는 사람,7
비만 판정 받았어,7
비밀 지켜줄까?,7
비밀 지킬 수 있을까,7
샌드위치 먹고 싶어,7
아이고 추워라,7
아이공 허리 아파라,7
양배추즙 맛없어,7
양배추즙 최악,7
양심에 찔려,7
양심이 콕콕,7
양초 선물 받았어,7
양키캔들 선물받았어,7
얘는 싸우기만 하면 연락이 안돼,7
어둠아 끝나라,7
어둠에서 나와야 할 듯,7
어둠의끝,7
어디서 맛난 냄새가 나는데,7
어디서 피해자 코스프레임?,7
어디서부터 잘못된 걸까,7
어딘가 떠나고 싶다.,7
어떤 영화 볼까,7
어떻게 벌어 먹고 살지,7
어떻게 서류에서부터 계속 떨어져,7
어떻게 하면 나를 좋아하게 만들지,7
어떻게 하면 좋을까?,7
어떻게 하면 호감형이 될까,7
어떻게 화해하지,7
어떻게해 늦잠 잤어,7
어려 보이고 싶어,7
어려지고 싶어,7
어렸을 때 공부 좀 할 걸,7
어렸을때 공부할껄,7
어렸을때는 공부하기 싫었는데 지금은 하고 싶네,7
어렸을때는 비슷했던 거 같은데,7
어렸을때로 돌아가고 싶어,7
어른이 된다는 건 뭘까,7
어른이 된다는 것,7
어린 시절로 돌아가고 싶어,7
어린이집 방학이래,7
어린이집 입학식 가야겠지,7
어린이집 입학식 꼭 참석해야하나?,7
어머,7
어머나,7
어색한게 얼굴에 티 나,7
어이가 없네,7
어이가 없어서,7
어이상실,7
어이없어,7
어제 밤 샜어,7
어제 술마시고 나서 기억 안나,7
언니가 있으면 뭐가 좋아?,7
언니랑 다퉜어,7
언니랑 전쟁 중,7
언제 다 고쳐,7
언젠가 자기 복제가 될까,7
언젠가는 나를 좋아해 주는 사람 있겠지?,7
얼굴 너무 까매졌어.,7
얼굴 너무 탔다,7
얼굴 보니까 떨리더라,7
얼굴 엄청 작은 거 부러워,7
얼굴 작은 거 부러워,7
얼굴만 아는 민망한 사이가 있어,7
얼른 아아야 할텐데,7
얼마나 행복해질려고 이렇게 힘들지,7
얼어 죽는 줄,7
얼어죽는 줄 알았어,7
얼집 방학이래,7
엄마 기대 때문에 부담돼,7
엄청 오래 만났어,7
업데이트가 너무 오래 걸려,7
업데이트가 엄청 느려,7
업무 끝내고 집 갈 수 있을까,7
역시 나는 천재야,7
염색이나 해야지,7
염색하는게 좋을까?,7
염색해볼까?,7
영양제 뭐가 좋아,7
영양제 좀 먹을까,7
영양제 챙겨 먹을 나이가 됐어,7
영어 잘 했으면,7
영어 잘 했으면 좋겠다,7
영어학원 다녀볼까,7
영어학원 좀 다닐까,7
영화 보러 왔어,7
영화 추천,7
영화가 재미 없어,7
영화관 알바 하고 싶다,7
영화관 알바하면 좋겠다.,7
영화관 혼자 왔어,7
영화보고 왔다,7
영화봤는데 재미 없어,7
옆에 있는 사람이 중요해,7
옆에 있는 사람한테 너무 소홀했던거 같아,7
예능 볼 게 없다,7
예능도 이제 재미없어,7
예쁜 카페 찾아가 볼까?,7
예의 차리래 지는?,7
예전 게임인데 재밌다,7
예전에는 비슷했는데,7
오 좀 멋있는데,7
오늘 괜히 기분 꿀꿀해,7
오늘 그냥 쉬고 싶다,7
오늘 기분 좋아,7
오늘 기분은 설명이 안돼,7
오늘 기분을 뭐라고 해야하나,7
오늘 길 너무 막히더라,7
오늘 길 많이 막히더라,7
오늘 까먹고 아무 것도 안 가져 왔다,7
오늘 나 좀 잘생겨 보인다.,7
오늘 날씨 좋아서 놀러가고 싶어,7
오늘 날씨 죽인다,7
오늘 날이 좋아,7
오늘 너무 졸려,7
오늘 너무 피곤해,7
오늘 너무 힘들다,7
오늘 또 늦잠잤어,7
오늘 또 하루 살았네,7
오늘 라면 먹고 싶어,7
오늘 라면 먹어야지,7
오늘 머리 안 감았는데,7
오늘 못 만났어,7
오늘 무슨 날인가,7
오늘 물 진짜 조금 마셨다,7
오늘 뭐 입지?,7
오늘 뭐 재미있는거 하는 날인가,7
오늘 미세먼지 어때?,7
오늘 보름달이다.,7
오늘 보름달이야,7
오늘 상 받았다,7
오늘 생각보다 춥네,7
오늘 아무 것도 안 가져 왔다,7
오늘 야근인가,7
오늘 왤케 추워,7
오늘 운이 꽝이다,7
오늘 운이 안 좋았어,7
오늘 유난히 지하철에 자리가 없어,7
오늘 일도 안 했는데 엄청 피곤해,7
오늘 저녁 뭐 먹을까,7
오늘 저녁은,7
오늘 점심 뭐 먹을까,7
오늘 점심은,7
오늘 좀 건조한 거 같애,7
오늘 좀 바쁘네,7
오늘 지각인듯 뭐라 그러지,7
오늘 처리할 일 너무 많아,7
오늘 처리할 일이 쌓인다,7
오늘 첫 출근이야,7
오늘 초미세먼지도 심하대,7
오늘 치마랑 바지 뭐 입지?,7
오늘 침대밖으로 안 나가야지,7
오늘 팩 하고 자야지,7
오늘 하루도 이렇게 마무리,7
오늘 햇볕 좋다,7
오늘 화장 떴어,7
오늘나 어제이나 똑같아,7
오늘도 공기가 뿌얘,7
오늘도 그냥 그냥,7
오늘도 그냥 그냥 다갔네.,7
오늘도 꾸준히 회사 가시 싫다.,7
오늘도 끝,7
오늘도 날씨가 뿌얘,7
오늘은 샐러드만 먹어야지,7
오늘은 쉬고 싶다,7
오늘은 진짜 대청소 한다.,7
오늘은 집에 있고 싶어,7
오늘은 치맥이야,7
오늘은 파도가 잔잔하네,7
오늘은 학교 가고 싶지 않아,7
오늘이 천일이네,7
오디션 나가볼까,7
오디션 도전해볼까,7
오래 살고 싶다,7
오래 살고 싶어,7
오래 살아야 할텐데,7
옷 사 줘,7
옷 좀 사줘,7
옷은 많은데 입을 게 없어,7
옷이 다 젖었어,7
요즘 속이 안 좋아,7
요즘 웃을 일이 없네,7
요즘 자꾸 까먹어,7
요즘 자꾸 깜빡깜빡해,7
요즘 잠을 늦게 자,7
요즘 잠을 못자,7
요즘 제정신이 아니야,7
요즘 조깅하고 있어,7
요즘 조심할 게 많아,7
요즘 핫한 건?,7
요즘 핫한 게 뭐야,7
요즘에는 외국어도 잘해야하나봐,7
요즘에는 중국어도 잘해야하나봐,7
욜로!,7
용돈 넘 적어,7
용돈 다 썼어,7
용돈 달라고 졸라볼까?,7
용돈 받음,7
용돈 벌써 다 썼어,7
용돈 벌써 없어,7
용돈 올려줬으면,7
용돈 인상해 달라고 말할까,7
용돈 줘,7
우리 같이 놀자,7
우리 계속 엇갈림,7
우산 놓고왔다.,7
우산 또 놓고 왔어,7
우산 또 사야하나,7
우산 또 안가지고 왔다,7
우산 몇 개째 사는 건지,7
웃겨봐,7
장학금 가능할까?,7
장학금 받고 싶다,7
장학금 받으려면 독하게 해야돼,7
장학금 받을 수 있을까?,7
재미 없는 하루,7
재미 없어,7
재미 없어.,7
재미없는 일밖에 없어,7
재미있는 드라마 끝났어,7
재밌게 해줘,7
재밌는 거 뭐 없나,7
재밌는 일이 없어,7
재밌는거 없나?,7
재밌는거 할 줄 알아,7
재밌는거 해 줘,7
재밌는게 없어,7
재밌다.,7
재채기 나올거 같은데 안 나와,7
재채기 나와,7
재취직 될까,7
저금통 깰까,7
저금통 털까,7
저기,7
저녁 메뉴 뭐 먹을까,7
저녁 메뉴 좀 골라줘,7
저녁 메뉴 추천 해줘,7
저녁 뭐 먹지?,7
저녁 준비 해놔야지,7
저녁밥 뭐 먹냐?,7
저녁으로 뭐 먹을까,7
저녁해야 되는데.,7
저음 멋있어!,7
정규직 너무 쪼금 뽑아,7
정신차리라고 한 마디 해줘,7
정장 사야겠지,7
정장 한 벌 필요할 듯,7
제 2 외국어 뭐할까,7
제2외국어 뭐 선택할까,7
제급기 없거든,7
제대로 평가해줘,7
제사 없어졌으면,7
제사를 너무 많이 해,7
제습기가 필요해,7
제자리걸음만 하는 듯,7
제주도 가고 싶다.,7
제주도 가고 싶어,7
제주도 가서 살까?,7
제주도 놀러 가고 싶어요.,7
제주도 바닷가 가고 싶어,7
제주도로 떠나야겠다.,7
조교하면 공부하기 힘들겠지.,7
조교하면서 공부할까?,7
조금만 기다려 줬으면 좋겠다,7
조급하고 초초하다,7
조명빨 좋다.,7
조명빨인가,7
조모임 왜 이케 많아,7
조별 과제 발표 하기 싫어,7
조별 발표 왜 이렇게 많이 시키지,7
조별 발표 하기 싫어,7
조심조심,7
축의금 얼마해야 되나,7
축제 준비하느라 바빠,7
축제날은 즐겨야지,7
춘곤증인가,7
춘곤증인가봐 졸려,7
출근 길에 맨날 보는 사람 있어,7
출근 자체가 스트레스야,7
출근길 너무 힘들어,7
출근길 막혀,7
출근길이 유난히 기네,7
출근시간 아깝다,7
출근이 스트레스야,7
출근하기 너무 오래 걸려,7
출근하기 싫어,7
출근하자마자 스트레스 받아,7
출퇴근 시간 너무 오래 걸려.,7
출퇴근 시간이 좀 줄어들었으면 좋겠다,7
충전기 안 가져왔다,7
충전기 안 가지고 왔다,7
충전해야겠다,7
취미 좀 만들어볼까?,7
취미생활 같이하는 게 좋다던데,7
칭찬 좀 해봐,7
칭찬 좀 해줬으면,7
카드 다 부러뜨려 버려야겠다.,7
카드 다 없애버려야지,7
카드가 못찾겠다.,7
카드가 왜 없지,7
카드값 갚느라 허리가 휘어,7
카드값 너무 많이 나왔어.,7
카톡 대화를 삭제하는게 수상해,7
카톡 대화를 왜 삭제하지,7
카톡 씹었어,7
카톡할 사람이 하나도 없네,7
카톡할 친구가 없네,7
카톡할 친구가 없네,7
카페 알바 면접 간다,7
카페나 갈까?,7
카풀로 출퇴근 해볼까,7
카풀해볼까?,7
칼국수 어때?,7
커피 그만 마셔야지,7
커피 땡기네,7
커피 마셔야지,7
커피 마시고 싶어,7
커피 말고 딴 거 마실거 없나,7
커피 말고 뭐 마시지,7
커피 볶는 시간,7
커피 안 마시면 일을 못해,7
커피 없으면 집중이 안돼,7
커피 좀 마셔야겠다.,7
커피 좀 줄여야겠어.,7
커피 중독인가,7
커피 타기 귀찮아,7
커피 타는 거 싫다,7
커피 한 잔 하자고 말해볼까,7
커피가 너무 써,7
커피가 너무 진해,7
커피가 없으니까 집중이 안 되네,7
커피가 좋아,7
커피나 한 잔 하자고 말 해볼까,7
커피를 너무 많이 마셔,7
커피콩 볶고 있어,7
커피향,7
커피향 좋다,7
컨디션 조절,7
컨디션 조절이 안돼,7
컴터 고장났나봐,7
컴터 부팅하는데 시간이 오래걸려,7
컴터가 맛이 갔어,7
컴터가 안돼,7
컴퓨터 백업해야지,7
컴퓨터가 넘넘 느려,7
컴퓨터가 느려졌어,7
컴퓨터가 느려졌어,7
컴퓨터가 대빵 느려졌어,7
케익 만들어서 선물할까?,7
케익 직접 만들어볼까?,7
코 근질거려,7
코 막혀,7
코가 간지러워,7
코가 간질간질,7
코가 근질근질,7
코감기로 찡찡거려,7
크루즈 여행 하고 싶어,7
크루즈 타고 여행 하고 싶어,7
크리스마스에 뭐 하나,7
배고프다,7
배고프지,7
뭐먹을래,7
배고파요,7
뭐해,7
야,7
오늘 뭐먹었어?,7
오늘 뭐먹을거야,7
오늘 저녁 뭐야?,7